English,Turkish,Spanish,French,Italian,German
fellow,aynı tür,compañero,compagnon,compagno,Gefährte
grave,mezar,tumba,tombe,grave,Grab
dawn,şafak,amanecer,aube,alba,Dämmerung
treatment,tedavi,tratamiento,traitement,trattamento,Behandlung
wise,bilge,inteligente,sage,saggio,weise
lily,zambak,lirio,lis,giglio,Lilie
authority,otorite,autoridad,autorité,autorità,Behörde
lack,eksiklik,falta,manque,mancanza,Mangel
confess,itiraf etmek,confesar,confesser,confessare,bekennen
attend,katılmak,asistir,assister à,assistere,teilnehmen
wicked,kötü,malvado,méchant,malvagio,böse
throne,taht,trono,trône,trono,Thron
leather,deri,cuero,cuir,pelle,Leder
severe,haşin,severo,grave,acuto,schwer
swell,şişmek,hinchar,gonfler,rigonfiamento,quellen
silk,ipek,seda,soie,seta,Seide
chap,adam,cap,type,ragazzo,Kerl
convenient,uygun,conveniente,pratique,conveniente,komfortabel
fur,kürk,pelo,fourrure,pelliccia,Fell
negotiate,pazarlık etmek,negociar,négocier,negoziare,verhandeln
lawn,çim,césped,pelouse,prato,Rasen
occur,meydana gelmek,ocurrir,se produire,verificarsi,geschehen
fiction,kurgu,ficción,fiction,finzione,Fiktion
involve,içermek,involucrar,impliquer,coinvolgere,einbeziehen
reunion,yeniden bir araya gelme,reunión,réunion,riunione,Wiedervereinigung
revolutionary,devrimci,revolucionario,révolutionnaire,rivoluzionario,revolutionär
reliable,güvenilir,confiable,fiable,affidabile,zuverlässig
cooperation,işbirliği,cooperación,coopération,cooperazione,Zusammenarbeit
chease,peynir,queso,fromage,formaggio,Käse
convincing,inandırıcı,convincente,convaincant,convincente,überzeugend
sincere,içten,sincero,sincère,sincero,aufrichtig
straw,pipet,paja,paille,paglia,Stroh
hesitate,tereddüt etmek,dudar,hésiter,esitare,zögern
sole,ayak tabanı,único,seul,suola,"Sohle, einzig, alleinig"
persuade,ikna etmek,persuadir,persuader,persuadere,überreden
rash,döküntü,erupción,éruption cutanée,eruzione cutanea,Ausschlag
distress,sıkıntı,angustia,détresse,angoscia,Not
regard,saygınlık,respecto,égard,considerare,betrachten
flee,kaçmak,huir,fuir,fuggire,fliehen
harmony,uyum,armonía,harmonie,armonia,Harmonie
ignorant,cahil,ignorante,ignorant,ignorante,unwissend
consistent,tutarlı,coherente,cohérent,coerente,konsistent
corporation,şirket,corporación,corporation,società,Gesellschaft
conscious,bilinçli,consciente,conscient,consapevole,bewusst
pledge,söz vermek,promesa,gage,impegno,versprechen
attract,cezbetmek,atraer,attirer,attirare,anziehen
seize,ele geçirmek,aprovechar,saisir,prendere,ergreifen
observation,gözlem,observación,observation,osservazione,Beobachtung
encourage,cesaretlendirmek,alentar,encourager,incoraggiare,ermutigen
cottage,kır evi,cabaña,chalet,villetta,Hütte
inappropriate,uygunsuz,inadecuado,inapproprié,non appropriato,unangemessen
institution,kurum,institución,institution,istituzione,Institution
promising,umut verici,prometedor,prometteur,promettente,vielversprechend
attic,çatı katı,ático,grenier,attico,Dachboden
endure,dayanmak,perdurar,endurer,sopportare,aushalten
possess,elinde bulundurmak,poseer,posséder,possedere,besitzen
grain,tahıl,grano,grain,grano,Getreide
modest,mütevazı,modesto,modeste,modesto,bescheiden
puppet,kukla,marioneta,fantoche,fantoccio,Marionette
deliberately,kasten,deliberadamente,délibérément,deliberatamente,absichtlich
hence,buradan,por eso,ainsi,quindi,somit
plead,yalvarmak,alegar,plaider,supplicare,flehen
desperately,umutsuzca,desesperadamente,désespérément,disperatamente,verzweifelt
concentration,konsantrasyon,concentración,concentration,concentrazione,Konzentration
preserve,korumak,preservar,préserver,conserva,bewahren
stove,soba,cocina,poêle,stufa,Herd
execute,uygulamak,ejecutar,exécuter,eseguire,ausführen
presume,varsaymak,presumir,présumer,presume,vermuten
obliged,mecbur,obligado,obligé,obbligato,verpflichtet
rival,rakip,rival,rival,rivale,Rivale
urge,dürtü,urgir,exhorter,sollecitare,Drang
corruption,yolsuzluk,corrupción,corruption,corruzione,Korruption
resident,ikamet eden kişi,residente,résident,residente,Einwohner
warp,çarpıtma,urdimbre,chaîne,ordito,Kette
triumph,zafer,triunfo,triomphe,trionfo,Triumph
fare,ücret,tarifa,tarif,tariffa,Fahrpreis
ambitious,hırslı,ambicioso,ambitieux,ambizioso,ehrgeizig
fierce,şiddetli,feroz,féroce,feroce,erbittert
adjust,ayarlamak,ajustar,ajuster,regolare,anpassen
participate,katılmak,participar,participer,partecipare,teilnehmen
demonstration,gösteri,demostración,démonstration,dimostrazione,Demonstration
bolt,sürgü,tornillo,boulon,bullone,Bolzen
stir,karıştırmak,remover,remuer,mescolata,Aufsehen
reckless,pervasız,imprudente,téméraire,spericolato,rücksichtslos
dispatch,sevk etmek,despacho,expédition,spedizione,versenden
mortgage,ipotek,hipoteca,hypothèque,mutuo,Hypothek
robe,elbise,túnica,peignoir,veste,Robe
refer,bahsetmek,referirse,référer,fare riferimento,verweisen
entertain,eğlendirmek,entretener,divertir,intrattenere,unterhalten
conviction,inanç,convicción,conviction,convinzione,Überzeugung
consult,danışmak,consultar,consulter,consultare,konsultieren
consideration,düşünce,consideración,considération,considerazione,Rücksichtnahme
accomplish,sonuçlandırmak,lograr,accomplir,compiere,erreichen
hunch,önsezi,corazonada,pressentiment,intuizione,Ahnung
occupation,meslek,ocupación,profession,occupazione,Beruf
accomplice,suç ortağı,cómplice,complice,complice,Komplize
kin,akraba,familiares,proche,parente,Verwandtschaft
wheat,buğday,trigo,blé,grano,Weizen
venture,girişim,empresa,aventure,avventurarsi,wagen
fade,solmak,desteñir,disparaître,dissolvenza,verblassen
rapidly,hızlıca,rápidamente,rapidement,rapidamente,schnell
virtue,erdem,virtud,vertu,virtù,Tugend
acknowledge,kabullenmek,reconocer,reconnaître,riconoscere,anerkennen
clumsy,sakar,torpe,maladroit,goffo,unbeholfen
layer,katman,capa,couche,strato,Schicht
doom,kıyamet,condenar,perte,destino,Untergang
fugitive,firari,fugitivo,fugitif,fuggitivo,Flüchtling
queer,tuhaf,queer,bizarre,queer,schwul
shovel,kürek,pala,pelle,pala,Schaufel
thoroughly,iyice,minuciosamente,soigneusement,completamente,gründlich
justify,savunmak,justificar,justifier,giustificare,rechtfertigen
consider,dikkate almak,considerar,considérer,considerare,halten
exhibit,sergilemek,anexo,exposition,mostra,ausstellen
opposition,muhalefet,oposición,opposition,opposizione,Opposition
sufficent,yeterli,suficiente,suffisant,sufficiente,ausreichend
asset,varlık,activo,actif,risorsa,Vermögenswert
rapid ,ani ,rápido ,rapide ,rapido,schnell
merchant,tüccar,comerciante,marchand,commerciante,Händler
convict ,hükümlü,convicto,condamné,condannato,Sträfling 
tramp,serseri,vagabundo,tramp,vagabondo,Tramp
sleeve,elbise kolu,manga,manche,manica,Ärmel
sincerely,samimi olarak,atentamente,sincèrement,sinceramente,aufrichtig
preacher,vaiz,predicador,prédicateur,predicatore,Prediger
hideous,iğrenç,horrible,hideux,orribile,abscheulich
initiative,girişim,iniciativa,initiative,iniziativa,Initiative
phenomenon,fenomen,fenómeno,phénomène,fenomeno,Phänomen
knot,düğüm,nudo,noeud,nodo,Knoten
antidote,panzehir,antídoto,antidote,antidoto,Gegenmittel
alter,değiştirmek,alterar,modifier,alterare,ändern
acquaintance,tanıdık,conocido,connaissance,conoscenza,Bekanntschaft
convent,manastır,convento,couvent,convento,Kloster
nursery,kreş,vivero,nursery,vivaio,Kindergarten
misfortune,talihsizlik,desgracia,malheur,sfortuna,Unglück
cunning,kurnaz,astuto,rusé,astuzia,listig
relate,ilgili olmak,relatar,se rapporter,relazionare,betreffen
substitue,yerine geçen,sustituto,substitut,sostituto,Ersatz
temporarily,geçici olarak,temporalmente,temporairement,temporaneamente,vorübergehend
nuisance,sıkıntı,tontería,nuisance,fastidio,Belästigung
bliss,mutluluk,dicha,bonheur,beatitudine,Wonne
abtain,elde etmek,obtener,abstenir,ottenere,erhalten
seduce,baştan çıkarmak,seducir,séduire,sedurre,verführen
sew ,dikmek,coser ,coudre ,cucire,nähen
impluse,dürtü,impulso,impulsion,impulso,Impuls
gaze,bakış,mirada,regard,sguardo,Blick
petition,dilekçe,petición,pétition,petizione,Petition
mild,hafif,leve,bénin,blando,leicht
solitary,yalnız,solitario,solitaire,solitario,einsam
souvenir,hatıra,recuerdo,souvenir,souvenir,Souvenir
marble,mermer,mármol,marbre,marmo,Marmor
survey,anket,encuesta,enquête,sondaggio,Umfrage
compensation,tazminat,compensación,compensation,compensazione,Entschädigung
wage,maaş,salario,salaire,salario,Lohn
glance,bakış atmak,mirada,coup d'oeil,occhiata,Blick
contempt,aşağılama,desprecio,mépris,disprezzo,Verachtung
merchandise,mal,mercancías,marchandises,merce,Waren
portion,porsiyon,parte,partie,porzione,Portion
flock,sürü,rebaño,troupeau,gregge,Herde
bankrupt,iflas etmiş,arruinado,en faillite,bancarotta,bankrott
handkerchief,mendil,pañuelo,mouchoir,fazzoletto,Taschentuch
glimpse,bir bakış,vistazo,aperçu,occhiata,Blick
numerous,çeşitli,numeroso,nombreux,numerosi,zahlreiche
sewer,kanalizasyon,alcantarillado,égout,fogna,Kanal
banquet,ziyafet,banquete,banquet,banchetto,Bankett
estimate,tahmin etmek,estimar,estimation,stima,schätzen
broom,süpürge,escoba,balai,scopa,Besen
distribution,dağıtım,distribución,distribution,distribuzione,Verteilung
banner ,afiş,pancarta,bannière,bandiera,Banner
discretion,takdir yetkisi,discreción,discrétion,discrezione,Diskretion
preliminary,ön,preliminar,préliminaire,preliminare,vorläufig
introduction,giriiş,introducción,introduction,introduzione,Einführung
promote,terfi,promover,promouvoir,promuovere,fördern
altitude,irtifa,altitud,altitude,altitudine,Höhe
insect,böcek,insecto,insecte,insetto,Insekt
scholar,bilgin,erudito,savant,studioso,Gelehrte
vague,başıboş dolaşmak,impreciso,vague,vago,vage
cherish,beslemek,apreciar,chérir,amare,schätzen
bun,topuz,bollo,chignon,panino,Brötchen
moreover,Dahası,además,de plus,Inoltre,darüber hinaus
courageous,cesur,valiente,courageux,coraggioso,mutig
essay,makale,ensayo,essai,saggio,Aufsatz
yield,teslim olmak,producir,rendement,prodotto,Ertrag
arise,kalkmak,surgir,surgir,presentarsi,entstehen
vanity,kibir,vanidad,vanité,vanità,Eitelkeit
briefly,kısaca,brevemente,brièvement,brevemente,knapp
publisher,yayıncı,editor,éditeur,editore,Herausgeber
incapable,aciz,incapaz,incapable,incapace,unfähig
canvas,tuval,lienzo,toile,tela,Leinwand
determination,kararlılık,determinación,détermination,determinazione,Bestimmung
catastrophe,felaket,catástrofe,catastrophe,catastrofe,Katastrophe
holiness,kutsallık,santidad,sainteté,santità,Heiligkeit
acquainted,haberdar olma,familiarizado,connaissance,conosciuto,bekannt
swollen,şişmiş,hinchado,gonflé,gonfio,geschwollen
merit,liyakat,mérito,mérite,merito,Verdienst
dispute,anlaşmazlık,disputar,différend,controversia,Disput
surround,çevrelemek,rodear,entourer,circondare,umgeben
provoke,kışkırtmak,provocar,provoquer,provocare,provozieren
contractor,yüklenici,contratista,entrepreneur,contraente,Auftragnehmer
broker,komisyoncu,corredor,courtier,broker,Makler
warfare,savaş,guerra,guerre,guerra,Krieg
payroll,bordro,nómina de sueldos,paie,libro paga,Gehaltsabrechnung
velvet,kadife,terciopelo,velours,velluto,Samt
extensive,yaygın,extenso,extensif,esteso,umfangreich
arch,kemer,arco,cambre,arco,Bogen
assemble,bir araya getirmek,armar,assembler,assemblare,montieren
encouraging,cesaretlendirici,alentador,encourageant,incoraggiante,ermutigend
obstacle,engel,obstáculo,obstacle,ostacolo,Hindernis
hitch,çekme halatı,enganche,attelage,intoppo,Anhängerkupplung
perish,yok olmak,perecer,périr,perire,verenden
crude,ham,crudo,brut,greggio,Rohöl
nod,başını sallamak,asentir,hocher la tête,cenno,nicken
amusement,eğlence,diversión,amusement,divertimento,Amüsement
monument,anıt,monumento,monument,monumento,Monument
ache,ağrı,dolor,mal,dolore,schmerzen
plum,Erik,ciruela,prune,prugna,Pflaume
apprentice,çırak,aprendiz,apprenti,apprendista,Lehrling
lace,dantel,cordón,dentelle,pizzo,Spitze
significance,önemi,significado,importance,significato,Bedeutung
preach ,vaaz vermek,predicar,prêcher,predicare,predigen
commence,başlamak,comenzar,commencer,cominciare,beginnen
cheeky,yüzsüz,fresco,effronté,sfacciato,frech
astonishing,şaşırtıcı,asombroso,étonnant,stupefacente,erstaunlich
fling,fırlatmak,arrojar,jeter,lanciare,schleudern
oppose,karşı çıkmak,oponerse a,opposer,opporsi,ablehnen
tuition,öğrenim ücreti,matrícula,frais de scolarité,lezioni,Unterricht
incompetent,beceriksiz,incompetente,incompétent,incompetente,inkompetent
consequence,sonuçlar,consecuencia,conséquence,conseguenza,Folge
teller,veznedar,escrutador,caissier,cassiere,Erzähler
tenant,kiracı,arrendatario,locataire,inquilino,Mieter
evaluation,değerlendirme,evaluación,évaluation,valutazione,Auswertung
thorn,diken,espina,épine,spina,Dorn
remedy,çare,recurso,remède,rimedio,Abhilfe
emerge,meydana gelmek,surgir,émerger,emergere,auftauchen
pitcher,sürahi,lanzador,lanceur,brocca,Krug
speculation,spekülasyon,especulación,spéculation,speculazione,Spekulation
defy,meydan okumak,desafiar,défier,sfidare,trotzen
prospect,olasılık,prospecto,perspective,prospettiva,Aussicht
woof,yün,guau,trame,trama,Schuss
prosperity,refah,prosperidad,prospérité,prosperità,Wohlstand
swepping,süpürme,barriendo,balayage,spazzare,fegend
cyincal,alaycı,cínico,cynique,cinico,zynisch
necessity,zorunluluk,necesidad,nécessité,necessità,Notwendigkeit
distinct,belirgin,distinto,distinct,distinto,unterscheidbar
occupy,işgal etmek,ocupar,occuper,occupare,besetzen
convey,iletmek,transmitir,transmettre,trasportare,vermitteln
exaggerate,abartmak,exagerar,exagérer,esagerare,übertreiben
destructive,yıkıcı,destructivo,destructeur,distruttivo,destruktiv
excess,aşırı,exceso,excès,eccesso,Überschuss
harness,tesisat,aprovechar,harnais,imbracatura,Geschirr
transaction,işlem,transacción,transaction,transazione,Transaktion
presumably,muhtemelen,presumiblemente,probablement,presumibilmente,vermutlich
eclipse,tutulma,eclipse,éclipse,eclissi,Finsternis
dispose,elden çıkarmak,disponer,disposer,smaltire,entsorgen
apron,önlük,delantal,tablier,grembiule,Schürze
ttame,ttame,ttame,ttame,ttame,ttame
condemn,kınamak,condenar,condamner,condannare,verurteilen
liability,yükümlülük,responsabilidad,responsabilité,responsabilità,Haftung
acquire,elde etmek,adquirir,acquérir,acquisire,erwerben
fiddle,keman,violín,violon,violino,Geige
paddle,kürek,paleta,pagayer,pagaia,paddeln
seldom,nadiren,rara vez,rarement,raramente,selten
poetic,şiirsel,poético,poétique,poetico,poetisch
scarlet,kızıl,escarlata,écarlate,scarlatto,Scharlach
clarify,açıklamak,aclarar,clarifier,chiarire,klären
awareness,farkındalık,conciencia,conscience,consapevolezza,Bewusstsein
accustomed,alışkın,acostumbrado,habitué,abituato,gewohnt
lettuce,marul,lechuga,laitue,lattuga,Kopfsalat
enthusiastic,hevesli,entusiasta,enthousiaste,entusiasta,enthusiastisch
persistent,kalıcı,persistente,persistant,persistente,hartnäckig
outrage,öfke,escándalo,outrage,indignazione,Empörung
conceal,gizlemek,ocultar,cacher,nascondere,verbergen
indulge,şımartmak,complacer,se faire plaisir,indulgere,frönen
splinter,kıymık,astilla,éclat,scheggia,Splitter
prominent,öne çıkan,prominente,éminent,prominent,prominent
carve,oymak,esculpir,tailler,intagliare,schnitzen
pluck,koparmak,arrancar,cueillir,pizzicare,zupfen
subconscious,bilinçaltı,subconsciente,subconscient,subconscio,Unterbewusstsein
freight,yük,transporte,fret,trasporto,Fracht
uncertain,belirsiz,incierto,incertain,incerto,unsicher
conclude,sonuçlandırmak,concluir,conclure,concludere,abschließen
thrilling,heyecan verici,emocionante,palpitant,emozionante,spannend
irresistible,karşı konulmaz,irresistible,irrésistible,irresistibile,unwiderstehlich
consume,tüketmek,consumir,consommer,consumare,verbrauchen
remark,açıklama,observación,remarque,osservazione,Bemerkung
competent,yetkili,competente,compétent,competente,kompetent
distinction,ayrım,distinción,distinction,distinzione,Unterscheidung
vinegar,sirke,vinagre,vinaigre,aceto,Essig
clamp,kelepçe,abrazadera,serrer,MORSETTO,Klemme
tendency,eğilim,tendencia,tendance,tendenza,Tendenz
leisure,boş vakit,ocio,loisirs,tempo libero,Freizeit
hesitation,tereddüt,vacilación,hésitation,esitazione,Zögern
incidentally,bu arada,de paso,incidemment,incidentalmente,übrigens
circumstance,durum,circunstancia,circonstance,circostanza,Umstand
miraculous,mucizevi,milagroso,miraculeux,miracoloso,Wunder-
interpret,yorumlamak,interpretar,interpréter,interpretare,interpretieren
foe,düşman,enemigo,ennemi,nemico,Feind
agitated,heyecanlı,agitado,agité,agitato,agitiert
crticize,eleştirmek,criticar,critiquer,criticare,kritisieren
fertile,bereketli,fértil,fertile,fertile,fruchtbar
voluntarily,gönüllü olarak,voluntariamente,volontairement,volontariamente,freiwillig
supervision,nezaret,supervisión,surveillance,supervisione,Aufsicht
defect,kusur,defecto,défaut,difetto,Defekt
saliva,tükürük,saliva,salive,saliva,Speichel
reluctant,isteksiz,reacio,réticent,riluttante,widerwillig
influential,etkili,influyente,influent,influente,einflussreich
rural,kırsal,rural,rural,rurale,ländlich
resemble,benzemek,parecerse,ressembler,assomigliare,ähneln
appoint,atamak,nombrar,nommer,nominare,ernennen
pavement,kaldırım,acera,chaussée,marciapiede,Gehweg
neglect,ihmal etmek,descuido,négligence,trascurare,Vernachlässigung
retain,sürdürmek,retener,retenir,conservare,zurückbehalten
usher,görevli,ujier,huissier,usciere,Platzanweiser
insignificant,önemsiz,insignificante,insignifiant,insignificante,unbedeutend
ratio,oran,relación,rapport,rapporto,Verhältnis
cluster,küme,grupo,grappe,grappolo,Cluster
timber,kereste,madera,bois,rivestire di legno,Holz
digest,özet,digerir,digérer,digerire,verdauen
fasten,bağlamak,sujetar,fixer,fissare,befestigen
scatter,dağılmak,dispersión,dispersion,spargere,streuen
span,açıklık,durar,portée,campata,Spanne
suspend,askıya almak,suspender,suspendre,sospendere,aussetzen
stumble,yanılmak,tropezón,trébucher,inciampare,stolpern
prevail,galip gelmek,prevalecer,prévaloir,prevalere,sich durchsetzen
encouragement,teşvik,estímulo,encouragement,incoraggiamento,Ermutigung
quantity,miktar,cantidad,quantité,quantità,Menge
eligible,hak sahibi,elegible,admissible,idoneo,berechtigt
proportion,oran,proporción,proportion,proporzione,Anteil
anticipate,beklemek,anticipar,anticiper,anticipare,antizipieren
comprehend,anlamak,comprender,comprendre,comprendere,begreifen
uphold,desteklemek,defender,maintenir,sostenere,aufrechterhalten
pioneer,öncü,pionero,pionnier,pioniere,Pionier
duplicate,kopyalamak,duplicado,double,duplicato,Duplikat
relugation,geri çekilme,relegación,relugation,rilegatura,Abstieg
glitter,parıltı,resplandecer,paillettes,luccichio,funkeln
adequate,yeterli,adecuado,adéquat,adeguato,angemessen
distinguish,ayırt etmek,distinguir,distinguer,distinguere,unterscheiden
indifferent,kayıtsız,indiferente,indifférent,indifferente,gleichgültig
abstract,soyut,abstracto,abstrait,astratto,Abstrakt
entity,varlık,entidad,entité,entità,juristische Person
spleen,dalak,bazo,rate,milza,Milz
rosy,pembe,rosado,rosé,roseo,rosig
nobility,asalet,nobleza,noblesse,nobiltà,Adel
charitable,hayırsever,caritativo,charitable,benefico,wohltätig
devote,adamak,dedicar,consacrer,dedicare,widmen
correspondence,yazışmalar,correspondencia,correspondance,corrispondenza,Korrespondenz
asses,eşekler,asnos,ânes,asini,Esel
perceive,algılamak,percibir,percevoir,percepire,wahrnehmen
resentment,kızgınlık,resentimiento,ressentiment,risentimento,Ressentiment
manufacture,üretim,fabricar,fabrication,produzione,Herstellung
render,işlemek,prestar,rendre,rendere,machen
dissolve,çözünmek,disolver,dissoudre,sciogliere,lösen
delirious,çılgın,delirante,délirant,delirante,wahnsinnig
intimidate,korkutmak,intimidar,intimider,intimidire,einschüchtern
unreliable,güvenilmez,faltón,peu fiable,inaffidabile,unzuverlässig
anticipation,beklenti,anticipación,anticipation,anticipazione,Vorwegnahme
avalanche,çığ,avalancha,avalanche,valanga,Lawine
disclose,ifşa etmek,revelar,divulguer,rivelare,offenlegen
conceive,gebe kalmak,concebir,concevoir,concepire,empfangen
prosperity,refah,prosperidad,prospérité,prosperità,Wohlstand
creed,inanç,credo,credo,credo,Glaube
ore,cevher,mineral,minerai,minerale,Erz
restrain,dizginlemek,contener,retenir,trattenere,zurückhalten
glacier,buzul,glaciar,glacier,ghiacciaio,Gletscher
correspondent,muhabir,corresponsal,correspondant,corrispondente,Korrespondent
frown,kaşlarını çatmak,fruncir el ceño,froncer les sourcils,cipiglio,Stirnrunzeln
snuff,enfiye,rapé,tabac à priser,tabacco da fiuto,Schnupftabak
illiterate,okuma yazma bilmeyen,analfabeto,analphabète,analfabeta,Analphabet
supervise,denetlemek,supervisar,superviser,supervisionare,überwachen
oversight,gözetim,vigilancia,surveillance,supervisione,Aufsicht
evolutionary,evrimsel,evolutivo,évolutionniste,evolutivo,evolutionär
rudder,dümen,timón,gouvernail,timone,Ruder
flourish,güzelleşmek,florecer,fleurir,fiorire,blühen
instruct,talimat vermek,instruir,instruire,istruire,anweisen
trolley,tramvay,carretilla,chariot,carrello,Wagen
insomnia,uykusuzluk,insomnio,insomnie,insonnia,Schlaflosigkeit
prestigious,prestijli,prestigioso,prestigieux,prestigioso,prestigeträchtig
considerably,önemli ölçüde,importantemente,considérablement,considerevolmente,wesentlich
conversion,dönüşüm,conversión,conversion,conversione,Konvertierung
novelty,yenilik,novedad,nouveauté,novità,Neuheit
dazzling,göz kamaştırıcı,deslumbrante,éblouissant,abbagliante,blendend
devious,sinsi,tortuoso,sournois,subdolo,hinterhältig
prescribe,reçete etmek,prescribir,prescrire,prescrivere,verschreiben
undergo,geçmek,someterse,subir,subire,unterziehen
mow,biçmek,cortar,tondre,falciare,mähen
assurance,güvence,garantía,assurance,garanzia,Sicherheit
evaluate,değerlendirmek,evaluar,évaluer,valutare,auswerten
scapegoat,günah keçisi,chivo expiatorio,bouc émissaire,capro espiatorio,Sündenbock
lucrative,kazançlı,lucrativo,lucratif,redditizio,lukrativ
ample,bol,amplio,ample,ampio,reichlich
struck,vurmak,golpeado,frappé,colpito,getroffen
upbringing,yetiştirme,educación,éducation,educazione,Erziehung
abundance,bolluk,abundancia,abondance,abbondanza,Fülle
legislation,mevzuat,legislación,législation,legislazione,Gesetzgebung
intoxication,zehirlenme,intoxicación,intoxication,intossicazione,Rausch
contamination,kirlenme,contaminación,contamination,contaminazione,Kontamination
casserole,güveç,cazuela,casserole,casseruola,Kasserolle
coy,utangaç,tímido,timide,timido,schüchtern
consultation,danışma,consulta,consultation,consultazione,Beratung
bland,mülayim,amable,fade,insipido,fade
delegate,temsilci,delegar,déléguer,delegare,delegieren
reconcile,uzlaştırmak,conciliar,réconcilier,conciliare,versöhnen
deprive,mahrum bırakmak,privar,priver,privare,berauben
emphasis,vurgu,énfasis,accent,enfasi,Schwerpunkt
thereby,bu sayede,así,ainsi,in tal modo,dadurch
swoop,baskın,redada,plongeon,picchiata,Sturzflug
haze,pus,bruma,brume,foschia,Dunst
unfold,açılmak,desplegar,se dérouler,dispiegare,entfalten
stimulate,uyarmak,estimular,stimuler,stimolare,stimulieren
proclaim,ilan etmek,proclamar,proclamer,proclamare,verkünden
spur,mahmuz,estimular,éperon,sperone,Sporn
consturctive,yapıcı,constructivo,constructif,costruttivo,konstruktiv
dreary,kasvetli,triste,morne,triste,trist
neatly,düzgünce,pulcramente,soigneusement,ordinatamente,ordentlich
nucleus,çekirdek,núcleo,noyau,nucleo,Kern
astounding,şaşırtıcı,asombroso,étonnant,sorprendente,erstaunlich
plainly,açıkça,claramente,clairement,chiaramente,deutlich
outcast,dışlanmış,paria,banni,emarginato,Ausgestoßener
abode,mesken,morada,demeure,dimora,Aufenthalt
afloat,su üstünde,a flote,à flot,a galla,über Wasser
asparagus,kuşkonmaz,espárragos,asperge,asparago,Spargel
attain,ulaşmak,alcanzar,atteindre,raggiungere,erreichen
endeavor,çaba,empeño,effort,cercare di sforzarsi,Bemühen
intrigue,entrika,intriga,intrigue,intrigo,Intrigen
induce,indüklemek,inducir,induire,indurre,induzieren
sculptor,heykeltıraş,escultor,sculpteur,scultore,Bildhauer
widespread,yaygın,generalizado,répandu,esteso,weit verbreitet
trait,karakter,rasgo,trait,tratto,Eigenschaft
atone,kefaret etmek,expiar,expier,espiare,büßen
forsake,terk etmek,abandonar,abandonner,abbandonare,verlassen
dubious,şüpheli,dudoso,douteux,dubbioso,zweifelhaft
meticulous,titiz,meticuloso,méticuleux,meticoloso,akribisch
exceed,aşmak,superar,dépasser,superare,überschreiten
consecutive,ardışık,consecutivo,consécutif,consecutivo,aufeinanderfolgend
dumpling,köfte,bola de masa hervida,boulette,gnocco,Knödel
contemplate,tasarlamak,contemplar,contempler,contemplare,überlegen
nominate,aday göstermek,nombrar,désigner,nominare,nominieren
governess,mürebbiye,institutriz,gouvernante,governante,Gouvernante
proverb,atasözü,proverbio,proverbe,proverbio,Sprichwort
acquisition,kazanma,adquisición,acquisition,acquisizione,Erwerb
wholesale,toptan,al por mayor,de gros,all'ingrosso,Großhandel
overtake,sollamak,adelantar,dépasser,sorpassare,überholen
abundant,bolluk,abundante,abondant,abbondante,reichlich
thaw,çözülme,deshielo,dégel,scongelare,auftauen
bestow,bahşetmek,otorgar,donner,conferire,verleihen
sledge,kızak,trineo,traîneau,slitta,Schlitten
favorable,uygun,favorable,favorable,favorevole,günstig
tolerant,hoşgörülü,tolerante,tolérant,tollerante,tolerant
flutter,çırpınma,aleteo,battement,svolazzare,flattern
tangible,somut,tangible,tangible,tangibile,greifbar
reunite,yeniden bir araya gelmek,reunir,réunir,riunire,wiedervereinigen
conspicuous,göze çarpan,conspicuo,visible,evidente,auffällig
presumptuous,küstah,presuntuoso,présomptueux,presuntuoso,anmaßend
discredit,itibarsızlaştırmak,descrédito,discrédit,discredito,diskreditieren
cubicle,bölme,cubículo,cabine,cubicolo,Kabine
heiress,mirasçı,heredera,héritière,erede,Erbin
impaired,bozulmuş,dañado,altéré,compromesso,beeinträchtigt
nibble,kemirmek,picar,grignoter,sgranocchiare,knabbern
dizziness,baş dönmesi,mareo,vertiges,vertigini,Schwindel
perch,levrek,perca,perche,pertica,Barsch
subsequent,sonraki,posterior,ultérieur,successivo,nachfolgende
mundane,sıradan,mundano,banal,banale,banal
scorn,küçümseme,desdén,mépris,disprezzo,Verachtung
affliction,ızdırap,aflicción,affliction,afflizione,Gebrechen
discourage,vazgeçirmek,desalentar,décourager,scoraggiare,entmutigen
curriculum,müfredat,plan de estudios,programme d'études,programma di studi,Lehrplan
uproar,kargaşa,escándalo,tumulte,tumulto,Aufruhr
stampede,izdiham,estampida,débandade,fuga precipitosa,Ansturm
prospective,olası,futuro,éventuel,prospettico,prospektiv
consequently,sonuç olarak,como consecuencia,par conséquent,di conseguenza,folglich
readily,kolayca,fácilmente,facilement,prontamente,leicht
willingness,isteklilik,voluntad,volonté,buona volontà,Bereitschaft
emphasize,vurgu,enfatizar,souligner,sottolineare,betonen
archangel,baş melek,arcángel,archange,arcangelo,Erzengel
unwise,akılsızca,imprudente,imprudent,imprudente,unklug
mislead,yanıltmak,engañar,tromper,indurre in errore,irreführen
ponder,düşünmek,reflexionar,réfléchir,riflettere,nachdenken
aspire,arzulamak,aspirar,aspirer,aspirare,streben
divulge,ifşa etmek,divulgar,divulguer,divulgare,preisgeben
interim,geçici,provisional,intérimaire,provvisorio,Zwischenzeit
obstinate,inatçı,obstinado,obstiné,ostinato,hartnäckig
trickster,hilebaz,embaucador,filou,imbroglione,Betrüger
rundown,bitkin,atropellar,délabré,investire,heruntergekommen
eulogy,övgü,elogio,éloge,elogio,Lobrede
steamer,vapur,buque de vapor,bateau à vapeur,piroscafo,Dampfer
prolong,uzatmak,prolongar,prolonger,prolungare,verlängern
swindlet,dolandırıcı,estafa,escroquerie,truffatore,Schwindel
assert,iddia etmek,afirmar,affirmer,affermare,behaupten
regulate,düzenlemek,regular,réglementer,regolare,regulieren
perseverance,sabır,perserverancia,persévérance,perseveranza,Ausdauer
understudy,yedek oyuncu,suplente,doublure,sostituto,Zweitbesetzung
iodine,iyot,yodo,iode,iodio,Jod
lavish,gösterişli,prodigar,somptueux,sontuoso,verschwenderisch
conjecture,varsayım,conjetura,conjecture,congetturare,Vermutung
disobedience,itaatsizlik,desobediencia,désobéissance,disobbedienza,Ungehorsam
exceedingly,aşırı derecede,extremadamente,extrêmement,estremamente,überaus
piracy,korsanlık,piratería,piratage,pirateria,Piraterie
attribute,bağlanmak,atributo,attribut,attributo,Attribut
uneducated,eğitimsiz,deseducado,sans instruction,non istruito,ungebildet
dismal,kasvetli,triste,lugubre,lugubre,düster
apostle,elçi,apóstol,apôtre,apostolo,Apostel
hanky,mendil,pañuelo,mouchoir,fazzoletto,Taschentuch
consummate,mükemmel,consumar,consommé,consumato,vollendet
fortitude,metanet,fortaleza,courage,forza d'animo,Kraft
persistence,ısrar,persistencia,persistance,persistenza,Beharrlichkeit
paternal,baba tarafından,paternal,paternel,paterno,väterlicherseits
constitute,oluşturmak,constituir,constituer,costituire,bilden
procure,tedarik etmek,obtener,procurer,procurare,beschaffen
vitality,canlılık,vitalidad,vitalité,vitalità,Vitalität
docile,uysal,dócil,docile,docile,fügsam
contented,memnun,contento,content,contento,zufrieden
illustrate,resimlemek,ilustrar,illustrer,illustrare,veranschaulichen
pacifist,pasifist,pacifista,pacifiste,pacifista,Pazifist
abolish,ortadan kaldırmak,abolir,abolir,abolire,abschaffen
coveted,arzulanan,codiciado,convoité,ambito,begehrt
apex,tepe noktası,ápex,sommet,apice,Apex
accumulate,biriktirmek,acumular,accumuler,accumulare,akkumulieren
cynicism,alaycılık,cinismo,cynisme,cinismo,Zynismus
clutter,dağınıklık,desorden,désordre,ingombrare,Unordnung
gleaming,parıldayan,reluciente,luisant,scintillante,glänzend
disagreeable,nahoş,desagradable,désagréable,sgradevole,unangenehm
infallible,yanılmaz,infalible,infaillible,infallibile,unfehlbar
inclination,eğim,inclinación,inclination,inclinazione,Neigung
sorely,şiddetle,muy,grandement,dolorosamente,schmerzlich
retrace,geri izlemek,recordar,retracer,ripercorrere,zurückverfolgen
stimulus,teşvik,estímulo,stimulus,stimolo,Stimulus
receptive,alıcı,receptivo,réceptif,ricettivo,empfänglich
consist,meydana gelmek,consistir,consister,consistere,bestehen
mediocrity,vasatlık,mediocridad,médiocrité,mediocrità,Mittelmäßigkeit
plentiful,bol,abundante,copieux,abbondante,reichlich
instantaneous,anlık,instantáneo,instantané,istantaneo,augenblicklich
acorn,meşe palamudu,bellota,gland,ghianda,Eichel
befall,başına gelmek,acontecer,arriver à,capitare,widerfahren
commendation,takdir,elogio,recommandation,encomio,Lob
auctioneer,mezatçı,subastador,commissaire-priseur,banditore,Auktionator
shrill,tiz,estridente,aigu,stridulo,schrillen
stupendous,muazzam,estupendo,prodigieux,stupendo,gewaltig
libel,iftira,difamación,calomnie,diffamazione,Verleumdung
discriminate,ayrımcılık yapmak,discriminar,discriminer,discriminare,diskriminieren
pulpit,minber,púlpito,chaire,pulpito,Kanzel
veiled,örtülü,velado,voilé,velato,verschleiert
monotonous,monoton,monótono,monotone,monotono,eintönig
vex,can sıkıntısı,vejar,vexer,irritare,ärgern
deduce,çıkarım yapmak,deducir,déduire,dedurre,ableiten
outnumber,sayıca üstün olmak,superar numéricamente,dépasser en nombre,essere più numerosi,in der Überzahl
coax,kandırmak,engatusar,amadouer,convincere,Koaxialkabel
invariably,değişmez bir şekilde,invariablemente,invariablement,invariabilmente,ausnahmslos
clothe,giydirmek,vestir,vêtir,vestire,kleiden
caprice,kapris,capricho,caprice,capriccio,Laune
counterpart,muadili,contrapartida,homologue,controparte,Gegenstück
leisurely,rahat,sin prisa,tranquille,con calma,gemächlich
transcend,aşmak,trascender,transcender,trascendere,transzendieren
cog,dişli,diente,dent,ingranaggio,Zahn
motionless,hareketsiz,inmóvil,immobile,immobile,bewegungslos
vigorously,şiddetle,vigorosamente,vigoureusement,vigorosamente,kraftvoll
immaterail,maddi olmayan,inmaterail,immatériel,immaterail,immaterieller
slant,eğik,inclinación,incliner,inclinazione,schräg
haggard,bitkin,demacrado,hâve,smunto,abgezehrt
crumpled,buruşuk,estropeado,froissé,accartocciato,zerknittert
unintentionally,istemeden,sin querer,involontairement,involontariamente,unbeabsichtigt
typist,daktilo,mecanógrafo,dactylographe,dattilografo,Schreibkraft
impersonal,kişiliksiz,impersonal,impersonnel,impersonale,unpersönlich
uneventful,olaylı olmayan,sin acontecimientos notables,sans incidents,senza incidenti,ereignislos
stagger,sendelemek,escalonar,échelonner,barcollare,staffeln
doubtless,şüphesiz,indudable,sans aucun doute,senza dubbio,zweifellos
outset,başlangıç,principio,début,inizio,Anfang
stadfast,sadık,firme,stadfast,personale,festgefahren
splendour,ihtişam,esplendor,splendeur,splendore,Pracht
regulator,regülatör,regulador,régulateur,regolatore,Regler
clench,sıkmak,apretar,serrer,stringere,ballen
disprove,çürütmek,refutar,réfuter,confutare,widerlegen
dispel,dağıtmak,disipar,dissiper,dissipare,zerstreuen
sanctimonious,dindar,mojigato,moralisateur,ipocrita,scheinheilig
annualy,yıllık,anualmente,annuellement,annualmente,jährlich
untidy,düzensiz,desordenado,désordonné,disordinato,unordentlich
marquee,çadır,marquesina,chapiteau,tendone,Festzelt
brokerage,aracılık,corretaje,courtage,intermediazione,Maklergeschäft
originate,kaynaklanmak,originar,provenir,originare,stammen
inert,hareketsiz,inerte,inerte,inerte,inert
prophetic,kehanetsel,profético,prophétique,profetico,prophetisch
astounded,şaşkın,asombrado,stupéfait,sbalordito,erstaunt
concise,özlü,conciso,concis,conciso,prägnant
stammer,kekemelik,balbucear,balbutier,balbettare,stammeln
menail,tırnak,menail,ménail,menail,Menail
eloquence,belagat,elocuencia,éloquence,eloquenza,Beredsamkeit
accumulation,birikim,acumulación,accumulation,accumulo,Akkumulation
unnumerable,sayısız,innumerables,innombrable,innumerevole,unzählige
incidental,tesadüfi,incidental,accessoire,incidentale,zufällig
influx,akın,afluencia,afflux,afflusso,Zustrom
abhor,nefret etmek,aborrecer,abhorrer,aborrire,verabscheuen
reliant,bağımlı,confiado,dépendant,dipendente,angewiesen
intangible,maddi olmayan,intangible,intangible,intangibile,immateriell
intensify,yoğunlaştırmak,intensificar,intensifier,intensificare,intensivieren
affirmation,onaylama,afirmación,affirmation,affermazione,Bejahung
cordially,içtenlikle,cordialmente,cordialement,cordialmente,herzlich
vocational,mesleki,profesional,professionnel,professionale,beruflich
unbiased,tarafsız,imparcial,impartial,imparziale,unvoreingenommen
enchant,büyülemek,encantar,enchanter,incantare,verzaubern
indisputable,tartışmasız,indiscutible,incontestable,indiscutibile,unbestreitbar
lanky,uzun boylu,larguirucho,dégingandé,allampanato,schlaksig
firmament,gökkubbe,firmamento,firmament,firmamento,Firmament
recede,geri çekilmek,alejarse,reculer,recede,zurückgehen
recoup,telafi etmek,recuperar,récupérer,recuperare,wiedererlangen
commercially,ticari olarak,comercialmente,commercialement,commercialmente,kommerziell
miscellaneous,çeşitli,misceláneas,divers,varie,Verschiedenes
dividend,temettü,dividendo,dividende,dividendo,Dividende
fabulously,muhteşem bir şekilde,fabulosamente,fabuleusement,favolosamente,fabelhaft
misinterpret,yanlış yorumlamak,interpretar mal,mal interpréter,interpretare male,falsch interpretieren
ephemeral,geçici,efímero,éphémère,effimero,vergänglich
circumvent,atlatmak,evitar,circonvenir,aggirare,umgehen
reliance,güven,dependencia,dépendance,affidamento,Vertrauen
orator,hatip,orador,orateur,oratore,Redner
inference,çıkarım,inferencia,inférence,inferenza,Schlussfolgerung
capitulate,teslim olmak,capitular,capituler,arrendersi,kapitulieren
canny,kurnaz,astuto,prudent,astuto,schlau
abstiancy,perhiz,abstinencia,abstinence,astensione,Enthaltsamkeit
buccaneer,korsan,bucanero,boucanier,bucaniere,Seeräuber
managerial,yönetimsel,gerencial,managérial,manageriale,leitend
retort,karşılık,retorta,cornue,storta,Retorte
searchlight,projektör,reflector,projecteur,proiettore,Suchscheinwerfer
persistently,ısrarla,continuamente,constamment,persistentemente,beharrlich
misshapen,şekilsiz,deforme,difforme,deforme,unförmig
aggregate,toplam,agregar,agrégat,aggregato,Aggregat
oratory,hitabet,oratorio,art oratoire,oratorio,Oratorium
incandescent,akkor,incandescente,incandescent,incandescent,Glühlampen
tuft,püskül,penacho,touffe,ciuffo,Büschel
pertain,ilgili olmak,pertenecer,se rapporter,riguardano,betreffen
immutable,değişmez,inmutable,immuable,immutabile,unveränderlich
baffle,şaşırtmak,deflector,baffle,deflettore,Schallwand
endow,bağışlamak,dotar,doter,dotare,schenken
entitle,hak sahibi olmak,dar derecho,donner droit,dare diritto,berechtigen
enrol,kaydolmak,inscribirse,inscrire,iscriversi,einschreiben
undfavorable,olumsuz,desfavorable,défavorable,sfavorevole,ungünstig
scrutinize,incelemek,escudriñar,scruter,esaminare attentamente,prüfen
appraise,değerlendirmek,evaluar,évaluer,valutare,bewerten
dramatize,dramatize,dramatizar,dramatiser,drammatizzare,dramatisieren
spcpticism,spektisizm,escepticismo,spécisme,specpticismo,Spektizismus
slovenly,özensiz,descuidado,négligé,sciatto,schlampig
specialization,uzmanlık,especialización,spécialisation,specializzazione,Spezialisierung
tenet,ilke,principio,principe,principio,Grundsatz
frecled,çilli,pecoso,rousseur,lentigginoso,gefreckled
meritorious,liyakatli,meritorio,méritoire,meritorio,verdienstvoll
admonish,uyarmak,amonestar,avertir,ammonire,ermahnen
shortcoming,eksiklik,defecto,défaut,difetto,Mangel
orchestration,orkestrasyon,orquestación,orchestration,orchestrazione,Orchestrierung
coronet,taç,corona,couronne,corona,Krone
dicker,pazarlıkçı,regateado,marchander,dicker,dicker
transmute,dönüştürmek,transmutar,transmuter,trasmutare,verwandeln
germinate,filizlenmek,germinar,germer,germinare,keimen
saturate,doymuş,saturar,saturer,saturare,sättigen
cognizant,farkında,competente,conscient,consapevole,bewusst
credulous,saf,crédulo,crédule,credulone,leichtgläubig
smelter,eritme ocağı,horno de fundición,fonderie,fonderia,Schmelzer
wisecrack,espri,cuchufleta,sarcasme,battuta,Witz
nebulous,belirsiz,nebuloso,nébuleux,nebuloso,nebulös
stockyard,hayvan barınağı,corral de ganado,parc,recinto per il bestiame,Viehhof
feebly,zayıf bir şekilde,débilmente,faiblement,debolmente,schwach
construe,yorumlamak,interpretar,interpréter,interpretare,konstruieren
constructively,yapıcı bir şekilde,constructivamente,de manière constructive,in modo costruttivo,konstruktiv
supplant,yerini almak,suplantar,supplanter,soppiantare,ersetzen
uninitiated,bilgisi olmayan,no iniciado,non-initié,non iniziato,Uneingeweihte
indelibly,silinmez bir şekilde,indeleblemente,indélébilement,indelebilmente,unauslöschlich
foregoing,önceki,precedente,précédent,precedente,Vorstehendes
perceptible,algılanabilir,perceptible,perceptible,percettibile,wahrnehmbar
surmount,aşmak,superar a,surmonter,superare,überwinden
attainment,başarı,logro,réalisation,conseguimento,Erreichung
crystallize,kristalleşmek,cristalizar,cristalliser,cristallizzare,kristallisieren
picayune,önemsiz,baladí,mesquin,sciocchezza,picayune
pulsate,nabız atmak,latir,palpiter,pulsare,pulsieren
impel,itmek,impulsar,pousser,spingere,treiben
relegate,küme düşürmek,relegar,reléguer,relegare,verweisen
appal,dehşet,espantar,épouvanter,sgomento,Entsetzen
overburden,aşırı yük,sobrecargar,surcharger,sovraccaricare,Abraum
drayman,yük arabacısı,carrerista pesado,charretier,carrettiere,Fuhrmann
aggrandizement,yüceltme,engrandecimiento,agrandissement,ingrandimento,Vergrößerung
accreadit,akreditasyon,acreditación,accréditer,accreditare,akkreditiert
tear off,koparmak,arrancar,arracher,strappare,abreißen
break through,atılım yapmak,descubrimiento,percée,svolta,durchbrechen
strike down,yıkmak,derribar,abattre,colpire,niederschlagen
inffeerently,kayıtsızca,inferentemente,indifféremment,in modo indifferente,infferent
quiescent,durgun,inactivo,calme,quiescent,ruhig
paradoxical,paradoksal,paradójico,paradoxal,paradossale,paradox
ascendency,üstünlük,ascendencia,ascendance,ascendente,Überlegenheit
intemperance,ölçüsüzlük,intemperancia,intempérance,intemperanza,Unmäßigkeit
paving,kaldırım,pavimentación,pavage,pavimentazione,Pflasterung
apart from,dışında,aparte de,en dehors de,a parte,"außer, abgesondert, ausgenommen"
trifling,önemsiz,insignificante,insignifiant,insignificante,unbedeutend
exact,bire bir aynı,exacto,exact,esatto,genau
indifferent,kayıtsız,indiferente,indifférent,indifferente,gleichgültig
substantial,varlıklı,sustancial,substantiel,sostanziale,erheblich
abundant,bolluk,abundante,abondant,abbondante,reichlich
formidable,müthiş,formidable,redoutable,formidabile,beeindruckend
instill,aşılamak,instilar,insuffler,infondere,einflößen
precipitate,çökelti,precipitado,précipité,precipitato,Präzipitat
consecutive,ardışık,consecutivo,consécutif,consecutivo,aufeinanderfolgend
graceful,zarif,agraciado,gracieux,grazioso,anmutig
isolate,izole etmek,aislar,isoler,isolare,isolieren
quotation,alıntı yapmak,cotización,citation,preventivo,Zitat
deception,aldatma,engaño,tromperie,inganno,Täuschung
grasp,sıkı sıkı tutmak,comprender,saisir,presa,fassen
spoil,şımartmak,arruinar,gâcher,rovinare,verderben
realm,alem,reino,royaume,regno,Reich
disperse,dağıtmak,dispersar,disperser,disperdere,zerstreuen
humid,nemli,húmedo,humide,umido,feucht
spontaneous,kendiliğinden,espontáneo,spontané,spontaneo,spontan
legimate,meşru,legítimo,légitime,legittimo,legitim
relentlessly,amansızca,implacablemente,sans relâche,inesorabilmente,unerbittlich
susceptible,duyarlı,susceptible,sensible,suscettibile,anfällig
deal,anlaşmak,trato,accord,Affare,handeln
adjourn,ertelemek,aplazar,ajourner,rinviare,vertagen
migration,göç,migración,migration,migrazione,Migration
specify,belirtmek,especificar,spécifier,specificare,angeben
decade,on yıl,década,décennie,decennio,Jahrzehnt
assign,atamak,asignar,attribuer,assegnare,zuordnen
nullify,geçersiz kılmak,anular,annuler,annullare,annullieren
contempt,aşağılama,desprecio,mépris,disprezzo,Verachtung
track,izlemek,pista,piste,traccia,Schiene
obesity,obezite,obesidad,obésité,obesità,Fettleibigkeit
hostile,düşmanca,hostil,hostile,ostile,feindselig
content,içerik,contenido,contenu,contenuto,Inhalt
treasure,hazine,tesoro,trésor,tesoro,Schatz
dilate,genişlemek,dilatar,dilater,dilatare,erweitern
punctual,dakik,puntual,ponctuel,puntuale,pünktlich
threat,tehdit,amenaza,menace,minaccia,Gefahr
attach,eklemek,adjuntar,attacher,allegare,befestigen
coerce,zorlamak,obligar,contraindre,costringere,zwingen
expend,harcamak,gastar,dépenser,spendere,aufwenden
grumble,homurdanma,queja,plaindre,brontolare,murren
attitude,davranış,actitud,attitude,atteggiamento,Attitüde
compete,rekabet etmek,competir,rivaliser,competere,wetteifern
entitle,hak sahibi olmak,dar derecho,donner droit,dare diritto,berechtigen
profound,engin,profundo,profond,profondo,tiefgreifend
apathy,ilgisizlik,apatía,apathie,apatia,Apathie
defect,kusur,defecto,défaut,difetto,Defekt
erroneous,hatalı,erróneo,erroné,errato,fehlerhaft
obligation,yükümlülük,obligación,obligation,obbligo,Verpflichtung
annihilation,imha,aniquilación,annihilation,annientamento,Vernichtung
corresponding,karşılık gelen,correspondiente,correspondant,corrispondente,entsprechend
illustrate,resimlemek,ilustrar,illustrer,illustrare,veranschaulichen
momentum,ivme,impulso,élan,slancio,Schwung
consolidate,birleştirmek,consolidar,consolider,consolidare,konsolidieren
despise,hor görmek,despreciar,mépriser,disprezzare,verachten
influx,akın,afluencia,afflux,afflusso,Zustrom
menace,tehdit,amenaza,menace,minaccia,Bedrohung
mature,olgun,maduro,mature,maturo,reifen
incredible,inanılmaz,increíble,incroyable,incredibile,unglaublich
dismiss,azletmek,despedir,rejeter,congedare,zurückweisen
absurd,saçma,absurdo,absurde,assurdo,absurd
negotiate,pazarlık etmek,negociar,négocier,negoziare,verhandeln
extremely,aşırı boyutta,extremadamente,extrêmement,estremamente,äußerst
custody,velayet,custodia,garde à vue,custodia,Gewahrsam
absorb,emmek,absorber,absorber,assorbire,absorbieren
pose,poz,pose,pose,posa,Pose
exaggerate,abartmak,exagerar,exagérer,esagerare,übertreiben
apprehension,endişe,aprensión,appréhension,apprensione,Befürchtung
exhaust,egzoz,escape,échappement,scarico,Auspuff
commerce,ticaret,comercio,commerce,commercio,Handel
asure,aşure,Asegurarse,assurer,sicuro,sicher
ambition,tutku,ambición,ambition,ambizione,Ehrgeiz
shortage,kıtlık,escasez,pénurie,carenza,Mangel
tempt,ayartmak,tentar,tenter,tentare,versuchen
discern,ayırt etmek,discernir,discerner,discernere,erkennen
gauge,ölçü,indicador,jauge,misura,Messgerät
notorious,kötü şöhretli,notorio,célèbre,famigerato,berüchtigt
devoid,yoksun,vacío,dépourvu,privo,leer
surveillance,gözetim,vigilancia,surveillance,sorveglianza,Überwachung
anslaught,saldırı,ataque,massacre,assalto,Angriff
ascend ,yükselmek,ascend,monter,ascend,aufsteigen
evacuate,tahliye ediyorum,evacuar,évacuer,evacuare,evakuieren
sparse,seyrek,escaso,clairsemé,sparso,spärlich
permanent,kalıcı,permanente,permanent,permanente,dauerhaft
assult,saldırı,asalto,agression,aggressione,Körperverletzung
implicate,ima etmek,implicar,impliquer,implicare,implizieren
superficial,yüzeysel,superficial,superficiel,superficiale,oberflächlich
relative,akraba,relativo,relatif,relativo,relativ
compulsory,zorunlu,obligatorio,obligatoire,obbligatorio,obligatorisch
happen to,başına gelen,pasar a,arriver à,capitare a,passieren
pledge,söz vermek,promesa,gage,impegno,versprechen
reputation,itibar,reputación,réputation,reputazione,Ruf
forgery,sahtecilik,falsificación,falsification,falsificazione,Fälschung
dominate,hakim olmak,dominar,dominer,dominare,dominieren
viable,uygulanabilir,viable,viable,praticabile,lebensfähig
reconciliation,uzlaşma,reconciliación,réconciliation,riconciliazione,Versöhnung
greatful,minnettar,agradecido,reconnaissant,grato,dankbar
comprehend,anlamak,comprender,comprendre,comprendere,begreifen
volatility,oynaklık,volatilidad,volatilité,volatilità,Volatilität
prevail,galip gelmek,prevalecer,prévaloir,prevalere,sich durchsetzen
imperative,zorunluluk,imperativo,impératif,imperativo,Imperativ
considerate,düşünceli,considerado,prévenant,premuroso,rücksichtsvoll
volunteer,gönüllü,voluntario,bénévole,volontario,Freiwilliger
probe,soruşturma,sonda,sonde,sonda,Sonde
eredite,eredite,eredit,érédité,eredita,ereditieren
arrogant,kibirli,arrogante,arrogant,arrogante,arrogant
sluggish,halsiz,lento,paresseux,lento,träge
advocate,savunucu,defensor,avocat,avvocato,Fürsprecher
solidarity,dayanışma,solidaridad,solidarité,solidarietà,Solidarität
dispute,anlaşmazlık,disputar,différend,controversia,Disput
inherent,doğuştan gelen,inherente,inhérent,intrinseco,inhärent
pros and cons,artıları ve eksileri,pros y contras,avantages et inconvénients,pro e contro,Für und Wider
contain,içermek,contener,contenir,contenere,enthalten
discreet,gizli,discreto,discret,discreto,diskret
inhibit,engellemek,inhibir,inhiber,inibire,hemmen
potent,güçlü,potente,puissant,potente,potent
daring,cüretkar,atrevido,audace,audace,gewagt
manifest,tezahür etmek,manifiesto,manifeste,manifesto,Manifest
curtail,kısaltmak,acortar,réduire,ridurre,beschneiden
impede,engellemek,impedir,entraver,impedire,behindern
foresee,öngörmek,prever,prévoir,prevedere,vorhersehen
massacre,katliam,masacre,massacre,massacro,Massaker
credible,güvenilir,creíble,crédible,credibile,glaubwürdig
illegible,okunaksız,ilegible,illisible,illeggibile,unleserlich
justify,savunmak,justificar,justifier,giustificare,rechtfertigen
mend,onarmak,remiendo,réparer,riparare,heilen
modify,değiştirmek,modificar,modifier,modificare,ändern
hasty,aceleci,apresurado,précipité,frettoloso,hastig
entrepreneur,girişimci,emprendedor,entrepreneur,imprenditore,Unternehmer
accustomed to,alışkın,acostumbrado a,habitué à,abituato a,gewöhnt an
mitigate,hafifletmek,mitigar,atténuer,mitigare,mildern
convert,dönüştürmek,convertir,convertir,convertire,konvertieren
arbitrary,keyfi,arbitrario,arbitraire,arbitrario,willkürlich
obstinate,inatçı,obstinado,obstiné,ostinato,hartnäckig
inadequate,yetersiz,inadecuado,inadéquat,inadeguato,unzureichend
deduce from,çıkarmak,deducir de,déduire de,dedurre da,ableiten aus
arise,kalkmak,surgir,surgir,presentarsi,entstehen
intrinsic,içsel,intrínseco,intrinsèque,intrinseco,intrinsisch
diffuse,dağınık,difuso,diffuser,diffondere,diffus
deliberately,kasten,deliberadamente,délibérément,deliberatamente,absichtlich
fatal,ölümcül,fatal,fatal,fatale,tödlich
dwarf,cüce,enano,nain,nano,Zwerg
accuse,suçlamak,acusar,accuser,accusare,beschuldigen
case,dava,caso,cas,caso,Fall
ban,yasak,prohibición,interdire,divieto,Verbot
hinder,engellemek,dificultar,entraver,ostacolare,behindern
quantity,miktar,cantidad,quantité,quantità,Menge
pursue,izlemek,buscar,poursuivre,perseguire,verfolgen
coincide,aynı zamana denk gelmek,coincidir,coïncider,coincidere,übereinstimmen
horizontal,yatay,horizontal,horizontal,orizzontale,horizontal
paradise,cennet,paraíso,paradis,paradiso,Paradies
affillate,bağlı kuruluş,afiliado,affilié,affiliato,Partner
enormous,kocaman,enorme,énorme,enorme,enorm
instint,içgüdü,instinto,instinct,istinto,Instinkt
mandatory,zorunlu,obligatorio,obligatoire,obbligatorio,obligatorisch
affluent,zengin,afluente,riche,ricco,wohlhabend
dissolve,çözünmek,disolver,dissoudre,sciogliere,lösen
indefinetly,süresiz olarak,indefinidamente,indéfiniment,indefinitamente,auf unbestimmte Zeit
repeal,yürürlükten kaldırmak,revocar,abrogation,abrogazione,Aufhebung
convene,toplamak,convocar,convoquer,convocare,einberufen
guilt,suçluluk,culpa,culpabilité,colpevolezza,Schuld
litter,yavrulamak,basura,litière,rifiuti,Wurf
merciful,merhametli,misericordioso,miséricordieux,misericordioso,barmherzig
split,bölmek,dividir,diviser,diviso,Teilt
disdain,küçümseme,desdén,dédain,disprezzo,Verachtung
craft,zanaat,artesanía,artisanat,mestiere,Handwerk
recruit,iyileştirmek,recluta,recruter,reclutare,rekrutieren
genuine,eşsiz,genuino,authentique,genuino,echt
establish,kurmak,establecer,établir,stabilire,gründen
delusion,sanrı,engaño,illusion,illusione,Täuschung
moist,nemli,húmedo,humide,umido,feucht
gigantic,devasa,gigantesco,gigantesque,gigantesco,gigantisch
exploit,faydalanmak,explotar,exploiter,impresa,ausbeuten
altitude,irtifa,altitud,altitude,altitudine,Höhe
nulsence,yokluk,nulidad,annulation,nullità,Nullenz
dispose,elden çıkarmak,disponer,disposer,smaltire,entsorgen
extend,uzatmak,extender,étendre,estendere,verlängern
ability,yetenek,capacidad,capacité,capacità,Fähigkeit
nurture,beslemek,nutrir,nourrir,nutrire,nähren
dull,sıkıcı,aburrido,terne,noioso,langweilig
collaborate,işbirliği yapmak,colaborar,collaborer,collaborare,zusammenarbeiten
shipment,sevkiyat,envío,expédition,spedizione,Lieferung
severe,haşin,severo,grave,acuto,schwer
vintage,nostaljik,antiguo,ancien,annata,Jahrgang
acquire,elde etmek,adquirir,acquérir,acquisire,erwerben
diverge,sapmak,divergir,diverger,divergere,divergieren
withold,saklamak,retener,retenir,trattenere,zurückhalten
verify,doğrulamak,verificar,vérifier,verificare,verifizieren
adopt,evlat edinmek,adoptar,adopter,adottare,adopt
rampant,yaygın,desenfrenado,rampant,dilagante,grassierend
withstand,dayanmak,resistir a,résister à,resistere,standhalten
vermin,haşarat,alimañas,vermine,parassiti,Ungeziefer
clumsy,sakar,torpe,maladroit,goffo,unbeholfen
perplex,kafa karıştırıcı,dejar perplejo,embarrasser,perplesso,verwirren
rival,rakip,rival,rival,rivale,Rivale
unilateral,tek taraflı,unilateral,unilatéral,unilaterale,einseitig
excavate,kazı yapmak,excavar,creuser,scavare,ausgraben
rebel,isyancı,rebelde,rebelle,ribelle,Rebell
zest,lezzet,ánimo,zeste,scorza,Schale
vacuum,vakum,vacío,vide,vuoto,Vakuum
enlighten,aydınlatmak,iluminar,éclairer,illuminare,erleuchten
massive,cüsseli,masivo,massif,massiccio,massiv
renown,şöhret,renombre,renommée,fama,Ansehen
gaze,bakış,mirada,regard,sguardo,Blick
evaporate,buharlaşmak,evaporar,évaporer,evaporare,verdampfen
allocate,tahsis etmek,asignar,allouer,allocare,zuordnen
neat,düzenli,limpio,soigné,pulito,sauber
impulsive,dürtüsel,impulsivo,impulsif,impulsivo,treibend
evoke,uyandırmak,evocar,évoquer,evocare,evozieren
bustle,telaş,bullicio,agitation,trambusto,Hektik
hitherto,şimdiye kadar,hasta ahora,jusqu'à présent,finora,bisher
fallacy,yanılgı,falacia,erreur,fallacia,Irrtum
apparent,belirgin,aparente,apparent,apparente,ersichtlich
austere,sade,austero,austère,austero,streng
accordingly,buna göre,respectivamente,par conséquent,di conseguenza,entsprechend
depart,ayrılmak,salir,partir,partire,abweichen
eligible,hak sahibi,elegible,admissible,idoneo,berechtigt
bluntly,açıkça,francamente,sans détour,senza mezzi termini,unverblümt
abduct,kaçırmak,secuestrar,enlever,rapire,entführen
fulfill,yerine getirmek,realizar,remplir,adempiere,erfüllen
anticipate,beklemek,anticipar,anticiper,anticipare,antizipieren
shift,vardiya,cambio,changement,spostare,Schicht
deviate,sapmak,desviarse,dévier,deviare,abweichen
harass,taciz etmek,acosar,harceler,molestare,belästigen
ailment,rahatsızlık,enfermedad,maladie,malattia,Leiden
secular,laik,secular,laïque,secolare,weltlich
devout,dindar,devoto,pieux,devoto,fromm
peak,doruğa ulaşmak,cima,culminer,picco,Gipfel
accompany,eşlik etmek,acompañar,accompagner,accompagnare,begleiten
course,kurs,curso,cours,corso,Kurs
drought,kuraklık,sequía,sécheresse,siccità,Trockenheit
outweigh,ağır basmak,pesar más que,emporter sur,superare,überwiegen
constrain,kısıtlamak,constreñir,contraindre,vincolare,einschränken
precise,kesin,preciso,précis,preciso,präzise
cite,alıntı,citar,citer,citare,zitieren
wipe out,silip yok etmek,borrar,anéantir,cancellare,auswischen
unrest,huzursuzluk,disturbios,troubles,disordini,Unruhe
raise,artırmak,aumentar,augmenter,aumentare,erheben
defeat,yenmek,fracaso,défaite,sconfitta,Verlust
wisdom,bilgelik,sabiduría,sagesse,saggezza,Weisheit
verge,sınır,borde,bord,orlo,Rand
gratify,tatmin etmek,satisfacer,satisfaire,gratificare,befriedigen
decree,kararname,decreto,décret,decreto,Dekret
withdraw,geri çekilmek,retirar,retirer,ritirare,zurückziehen
trend,eğilim,tendencia,s'orienter,tendenza,Trend
illicit,yasadışı,ilícito,illicite,illecito,illegal
convince,ikna etmek,convencer,convaincre,convincere,überzeugen
unique,eşsiz,único,unique,unico,einzigartig
amass,biriktirmek,acumular,amasser,accumulare,anhäufen
insult,hakaret,insulto,insulte,insulto,Beleidigung
revoke,geri çekmek,revocar,révoquer,revocare,widerrufen
prey,kurban,presa,proie,preda,Beute
bother,rahatsız etmek,molestar,déranger,fastidio,sich kümmern
adequate,yeterli,adecuado,adéquat,adeguato,angemessen
delay,gecikme,demora,retard,ritardo,Verzögerung
evsive,kaçamak,evsivo,évsif,evasivo,ausweichend
spill,dökülme,derramar,répandre,fuoriuscita,verschütten
thrive,gelişmek,prosperar,prospérer,prosperare,gedeihen
compulsion,zorlama,compulsión,compulsion,costrizione,Zwang
eminent,seçkin,eminente,éminent,eminente,herausragend
manufacture,üretim,fabricar,fabrication,produzione,Herstellung
contradict,yalanlamak,contradecir,contredire,contraddire,widersprechen
concern,kaygı,inquietud,préoccupation,preoccupazione,Sorge
inquisitive,meraklı,inquisitivo,curieux,curioso,neugierig
option,seçenek,opción,option,opzione,Option
defer,ertelemek,aplazar,reporter,rinviare,verschieben
concession,imtiyaz,concesión,concession,concessione,Konzession
fatigue,tükenmişlik,fatiga,fatigue,fatica,Ermüdung
necessary,gerekli,necesario,nécessaire,necessario,notwendig
deceit,aldatma,engaño,tromperie,inganno,Betrug
exterminate,yok etmek,exterminar,exterminer,sterminare,vernichten
fetch,gidip getirmek,buscar,aller chercher,andare a prendere,bringen
magnificent,muhteşem,magnífico,magnifique,magnifico,herrlich
nourish,beslemek,nutrir,nourrir,nutrire,nähren
succeed,başarmak,tener éxito,réussir,avere successo,gelingen
upheaval,ayaklanma,convulsión,bouleversement,sconvolgimento,Umbruch
yell,bağırmak,gritar,crier,urlo,Schrei
passion,tutku,pasión,passion,passione,Hingabe
far-fetched,çok uçuk,inverosímil,farfelu,inverosimile,weit hergeholt
utmost,en üst düzeyde,mayor,maximum,massimo,äußerste
senseless,anlamsız,sin sentido,insensé,insensato,sinnlos
penetrate,nüfuz etmek,penetrar,pénétrer,penetrare,durchdringen
ingenious,ustaca,ingenioso,ingénieux,ingegnoso,genial
wrangle,çekişme,reñir a,dispute,litigare,streiten
sentiment,duygusallık,sentimiento,sentiment,sentimento,Gefühl
perennially,sürekli olarak,perennemente,éternellement,perennemente,ständig
inhabit,ikamet etmek,habitar,habiter,abitare,bewohnen
witness,tanık,testigo,témoin,testimone,Zeuge
severe,haşin,severo,grave,acuto,schwer
recurrence,tekrarlama,reaparición,récurrence,ricorrenza,Wiederauftreten
detect,tespit etmek,detectar,détecter,rilevare,erkennen
yield to ,teslim olmak,ceder el paso a,céder à,cedere a,nachgeben
accomplish,sonuçlandırmak,lograr,accomplir,compiere,erreichen
accede,katılmak,acceder a,adhérer,aderire,beitreten
wield,kullanmak,ejercer,exercer,brandire,ausüben
distinctive,ayırt edici,distintivo,distinctif,distintivo,unverwechselbar
conflict,anlaşmazlık,conflicto,conflit,conflitto,Konflikt
accelerate,hızlanmak,acelerar,accélérer,accelerare,beschleunigen
cerdict,kesin karar,cerdict,certificat,cerdict,cerdict
enterprise,girişim,empresa,entreprise,impresa,Unternehmen
chief,şef,jefe,chef,capo,Chef
ambiguous,belirsiz,ambiguo,ambiguë,ambiguo,mehrdeutig
unsubtantiated,kanıtlanmamış,sin fundamento,non corroboré,infondato,unbegründet
exceed,aşmak,superar,dépasser,superare,überschreiten
crude,ham,crudo,brut,greggio,Rohöl
seize,ele geçirmek,aprovechar,saisir,prendere,ergreifen
tangible,somut,tangible,tangible,tangibile,greifbar
exclusive,özel,exclusivo,exclusif,esclusivo,exklusiv
indispensiable,vazgeçilmez,indispensable,indispensable,indispensabile,unverzichtbar
reward,ödül,premio,récompense,ricompensa,belohnen
tender,sunmak,licitación,tendre,tenero,zart
concisely,özlü bir şekilde,concisamente,de manière concise,concisamente,prägnant
range,menzil,rango,gamme,allineare,Reichweite
proponent,savunucu,proponente,partisan,proponente,Befürworter
retain,sürdürmek,retener,retenir,conservare,zurückbehalten
explict,açık,explícito,explicite,esplicito,explizit
wage,maaş,salario,salaire,salario,Lohn
surmount,aşmak,superar a,surmonter,superare,überwinden
odd,garip,extraño,impair,strano,seltsam
unanimously,oybirliğiyle,por unanimidad,à l'unanimité,all'unanimità,einstimmig
ward off,savuşturmak,evitar,parer,allontanare,abwehren
intution,sezgi,intuición,intuition,intuizione,Intuition
lucrative,kazançlı,lucrativo,lucratif,redditizio,lukrativ
venture,girişim,empresa,aventure,avventurarsi,wagen
sane,aklı başında,cuerdo,sain,sano di mente,vernünftig
intimacy,samimiyet,intimidad,intimité,intimità,Intimität
lay,sermek,poner,poser,posizione,legen
vice versa,tersine,viceversa,vice versa,viceversa,umgekehrt
asylum,iltica,asilo,asile,asilo,Asyl
fertile,bereketli,fértil,fertile,fertile,fruchtbar
consume,tüketmek,consumir,consommer,consumare,verbrauchen
vilous cycle,vilüs döngüsü,círculo vicioso,cycle vicieux,circolo vizioso,Teufelskreis
appraise,değerlendirmek,evaluar,évaluer,valutare,bewerten
brilliant,muhteşem,brillante,brillant,brillante,brillant
entire,bütün,completo,entier,intero,gesamte
contrivve,uydurmak,idear,inventer,escogitare,erfinden
fancy,süslü,elegante,fantaisie,fantasia,schick
aggravate,ağırlaştırmak,agravar,aggraver,aggravare,verschlimmern
destiny,kader,destino,destin,destino,Bestimmung
loath,nefret,poco dispuesto,répugnance,restio,abgeneigt
handle,halletmek,manejar,poignée,maniglia,handhaben
affect,etkilemek,afectar,affecter,simulare,beeinflussen
consequence,sonuçlar,consecuencia,conséquence,conseguenza,Folge
obscure,belirsiz,oscuro,obscur,oscuro,obskur
infringe,ihlal etmek,infringir,enfreindre,violare,verletzen
acclaim,beğeni,aclamación,acclamer,acclamazione,Anerkennung
client,müşteri,cliente,client,cliente,Kunde
paramount,en önemli,supremo,primordial,fondamentale,von größter Bedeutung
interact,etkileşime girmek,interactuar,interagir,interagire,interagieren
enthusiastic,hevesli,entusiasta,enthousiaste,entusiasta,enthusiastisch
dazzle,göz kamaştırmak,deslumbrar,éblouir,abbagliare,blenden
foster,bakmak,alentar,favoriser,allevare,fördern
prohibit,yasaklamak,prohibir,interdire,vietare,verbieten
submit,göndermek,entregar,soumettre,invia,einreichen
legacy,miras,legado,héritage,eredità,Vermächtnis
circumstantial,dolaylı,circunstancial,circonstancié,circostanziale,umständlich
arificial,yapay,artificial,artificiel,artificiale,künstlich
flair,yetenek,instinto,flair,talento,Flair
legible,okunaklı,legible,lisible,leggibile,lesbar
confirm,onaylamak,confirmar,confirmer,confermare,bestätigen
aspire,arzulamak,aspirar,aspirer,aspirare,streben
mishap,aksilik,percance,mésaventure,incidente,Missgeschick
crucial,hayati,crucial,crucial,crucial,entscheidend
condense,yoğunlaşmak,condensar,condenser,condensare,kondensieren
sanction,yaptırım,sanción,sanction,sanzione,Sanktion
relevant,ilgili,importante,pertinent,pertinente,relevant
culminate,doruğa ulaşmak,culminar,culminer,culminare,gipfeln
disparity,eşitsizlik,disparidad,disparité,disparità,Ungleichheit
tend,eğilimli olma,tender,tendre,tendere,neigen
refrain from,kaçınmak,abstenerse de,s'abstenir de,astenersi da,unterlassen
delinquency,suçluluk,delincuencia,délinquance,delinquenza,Kriminalität
admit,itiraf etmek,admitir,admettre,ammettere,zugeben
testimony,tanıklık,testimonio,témoignage,testimonianza,Zeugnis
sort,düzenlemek,clasificar,trier,ordinare,Sortieren
emerge,meydana gelmek,surgir,émerger,emergere,auftauchen
omit,ihmal etmek,omitir,omettre,omettere,auslassen
spark,kıvılcım,chispa,étincelle,scintilla,Funke
cirtually,neredeyse,virtualmente,virtuellement,praticamente,praktisch
collide,çarpışmak,chocar,entrer en collision,scontrarsi,kollidieren
occupy,işgal etmek,ocupar,occuper,occupare,besetzen
intentional,kasıtlı,intencional,intentionnel,intenzionale,absichtlich
appalling,korkunç,pésimo,épouvantable,spaventoso,entsetzlich
convict,hükümlü,condenar,condamner,condannato,Sträfling
imminent,yakın,inminente,imminent,imminente,unmittelbar bevorstehend
lack of,eksiklik,falta de,manque de,mancanza di,Mangel an
anxious,endişeli,ansioso,anxieux,ansioso,ängstlich
corroborate,doğrulamak,corroborar,corroborer,corroborare,bestätigen
illusion,yanılsama,espejismo,illusion,illusione,Illusion
promote,terfi,promover,promouvoir,promuovere,fördern
achive,başarmak,lograr,atteindre,raggiungere,archivieren
miserable,acınası,miserable,misérable,miserabile,miserabel
stationary,sabit,estacionario,stationnaire,stazionario,stationär
rare,nadir,extraño,rare,raro,selten
query,sorgu,consulta,requête,domanda,Abfrage
grant,hibe etmek,conceder,accorder,concessione,gewähren
distinguish,ayırt etmek,distinguir,distinguer,distinguere,unterscheiden
assess,değer biçmek,evaluar,évaluer,valutare,bewerten
prior to,önce,Antes de,avant,precedente a,vor
partial,kısmi,parcial,partiel,parziale,teilweise
detention,gözaltı,detención,détention,detenzione,Festnahme
significant,önemli,significativo,significatif,significativo,bedeutsam
sustenance,geçim,sustento,subsistance,sostentamento,Nahrung
overwhelming,ezici,abrumador,accablant,travolgente,überwältigend
faith,inanç,fe,foi,fede,Glaube
tough,zorlu,difícil,difficile,difficile,hart
stimulate,uyarmak,estimular,stimuler,stimolare,stimulieren
meticulous,titiz,meticuloso,méticuleux,meticoloso,akribisch
annual,yıllık,anual,annuel,annuale,jährlich
undertake,üstlenmek,emprender,entreprendre,intraprendere,verpflichten
incentive,teşvik,incentivo,incitation,incentivo,Anreiz
dawn,şafak,amanecer,aube,alba,Dämmerung
adverse,olumsuz,adverso,négatif,avverso,nachteilig
vertical,dikey,vertical,verticale,verticale,Vertikale
sacrifice,kurban etmek,sacrificio,sacrifier,sacrificio,opfern
cruel,acımasız,cruel,cruel,crudele,grausam
consistent,tutarlı,coherente,cohérent,coerente,konsistent
immune,bağışıklık,inmune,immunitaire,immunitario,immun
creep,sürünme,arrastrarse,ramper,strisciamento,kriechen
retrieve,geri almak,recuperar,récupérer,recuperare,abrufen
inherit,miras almak,heredar,hériter,ereditare,erben
abide by,uymak,atenerse a,respecter,rispettare,einhalten
deplete,tüketmek,agotar,épuiser,esaurire,erschöpfen
haphazard ,gelişigüzel,aleatorio,aléatoire,casuale,planlos
invalid,geçersiz,inválido,invalide,non valido,ungültig
eternal,sonsuz,eterno,éternel,eterno,ewig
delicate,narin,delicado,délicat,delicato,empfindlich
glance,bakış atmak,mirada,coup d'oeil,occhiata,Blick
precaution,önlem,precaución,précaution,precauzione,Vorsorge
ease,kolaylaştırmak,facilidad,facilité,sollievo,Leichtigkeit
commence,başlamak,comenzar,commencer,cominciare,beginnen
impoverish,yoksullaştırmak,empobrecer,appauvrir,impoverire,verarmen
prominent,öne çıkan,prominente,éminent,prominent,prominent
preliminary,ön,preliminar,préliminaire,preliminare,vorläufig
modest,mütevazı,modesto,modeste,modesto,bescheiden
odor,koku,olor,odeur,odore,Geruch
execute,uygulamak,ejecutar,exécuter,eseguire,ausführen
squeeze,sıkmak,estrujar,presser,stretta,quetschen
restrain,dizginlemek,contener,retenir,trattenere,zurückhalten
obstacle,engel,obstáculo,obstacle,ostacolo,Hindernis
accurate,kesin,preciso,précis,accurato,genau
identical,birebir aynı,idéntico,identique,identico,identisch
occur,meydana gelmek,ocurrir,se produire,verificarsi,geschehen
clarity,netlik,claridad,clarté,chiarezza,Klarheit
account for,hesap vermek,explicar,expliquer,conto per,Konto für
greed,açgözlülük,codicia,avidité,avidità,Gier
abstruct,soyutlamak,abstraer,abstrait,abstruct,abstrakt
convey,iletmek,transmitir,transmettre,trasportare,vermitteln
ample,bol,amplio,ample,ampio,reichlich
grim,kasvetli,severo,sombre,cupo,grimmig
offspring,yavru,descendiente,progéniture,prole,Nachwuchs
differentiate,ayırt etmek,diferenciar,différencier,differenziare,unterscheiden
alert,uyarı,alerta,alerte,allerta,Alarm
accessible,erişilebilir,accesible,accessible,accessibile,zugänglich
undermine,baltalamak,socavar,saper,minare,untergraben
diminish,azaltmak,disminuir,diminuer,diminuire,verringern
holy,kutsal,santo,saint,santo,heilig
pursuit,kovalama,buscar,poursuite,inseguimento,verfolgen
fabric,kumaş,tela,tissu,tessuto,Stoff
contemplate,tasarlamak,contemplar,contempler,contemplare,überlegen
inadvertenly,istemeden,sin darse cuenta,par inadvertance,inavvertitamente,versehentlich
calamity,felaket,calamidad,calamité,calamità,Unglück
emit,yaymak,emitir,émettre,emettere,emittieren
oblivious,habersiz,inconsciente de,inconscient,ignaro,vergesslich
surpass,aşmak,superar,dépasser,superare,übertreffen
bound,bağlı,atado,lié,limite,gebunden
endorse,onaylamak,endosar,approuver,approvare,unterstützen
malnutrition,yetersiz beslenme,desnutrición,malnutrition,malnutrizione,Unterernährung
stubborn,inatçı,tenaz,têtu,testardo,hartnäckig
charge with,ile suçlamak,cargar con,charger avec,caricare con,aufladen mit
anhance,geliştirmek,mejorar,améliorer,miglioramento,verbessern
futile,boşuna,fútil,futile,inutile,zwecklos
juvenile,genç,juvenil,juvénile,giovanile,jugendlich
prolific,üretken,prolífico,prolifique,prolifico,produktiv
flucuate,dalgalanmak,fluctúa,fluctuer,fluttuare,schwanken
esteem,saygı,estima,estime,stima,Wertschätzung
would-be,muhtemel,aspirante,aspirant,aspirante,Möchtegern
privileged,ayrıcalıklı,privilegiado,privilégié,privilegiato,privilegiert
reign,saltanat,reinado,règne,regno,regieren
expose,ortaya çıkarmak,exponer,exposer,esporre,exponieren
sacred,kutsal,sagrado,sacré,sacro,heilig
hamper,engel,cesto,entraver,cesto,Korb
offend,gücendirmek,ofender,offenser,offendere,beleidigen
temporary,geçici,temporario,temporaire,temporaneo,vorübergehend
attribute,bağlanmak,atributo,attribut,attributo,Attribut
grievance,şikayet,queja,grief,reclamo,Beschwerde
oppress,baskı yapmak,oprimir,opprimer,opprimere,unterdrücken
wander,dolaşmak,deambular,errer,passeggiata,wandern
augment,artırmak,aumentar,augmenter,aumentare,erweitern
hazard,tehlike,peligro,danger,pericolo,Gefahr
culprit,suçlu,culpable,coupable,colpevole,Schuldiger
vaccinate,aşılamak,vacunar,vacciner,vaccinare,impfen
abuse,suistimal etmek,abuso,abus,abuso,Missbrauch
accept,kabul etmek,aceptar,accepter,accettare,akzeptieren
temperate,ılıman,templado,tempéré,temperato,gemäßigt
outcome,sonuç,resultado,résultat,risultato,Ergebnis
gloomy,kasvetli,sombrío,sombre,cupola,düster
ancient,antik,antiguo,ancien,antico,uralt
deprive,mahrum bırakmak,privar,priver,privare,berauben
overlap,örtüşmek,superposición,chevaucher,sovrapposizione,überlappen
intangible,maddi olmayan,intangible,intangible,intangibile,immateriell
astonish,hayrete düşürmek,asombrar,étonner,stupire,erstaunen
desert,çöl,desierto,désert,deserto,Wüste
repent,tövbe et,arrepentirse,se repentir,pentirsi,bereuen
talent,yetenek,talento,talent,talento,Talent
vie for,için yarışmak,competir por,rivaliser pour,competere per,wetteifern um
deplore,kınamak,deplorar,déplorer,deplorare,bedauern
prejudice,ön yargı,prejuicio,préjugé,pregiudizio,Vorurteil
submissive,itaatkâr,sumiso,soumis,sottomesso,unterwürfig
temperate,ılıman,templado,tempéré,temperato,gemäßigt
compensate,telafi etmek,compensar,compenser,compensare,kompensieren
mean,Anlam,significar,signifier,Significare,bedeuten
subsidy,mali destek,subvención,subvention,sovvenzione,Subvention
swamp,bataklık,pantano,marais,pantano,Sumpf
gift,hediye,regalo,cadeau,regalo,Geschenk
contenious,tartışmalı,contencioso,litigieux,contenzioso,umstritten
unceasing,durmaksızın,incesante,incessant,incessante,unaufhörlich
swell,şişmek,hinchar,gonfler,rigonfiamento,quellen
legend,efsane,leyenda,légende,leggenda,Legende
contend,mücadele etmek,contender,combattre,contendere,kämpfen
trait,karakter,rasgo,trait,tratto,Eigenschaft
strain,gerilmek,cepa,souche,sottoporre a tensione,Beanspruchung
revenue,hasılat,ganancia,revenu,reddito,Einnahmen
curiosty,merak,curiosidad,curiosité,curiosità,Neugier
seek,aramak,buscar,chercher,cercare,suchen
inspire,ilham vermek,inspirar,inspirer,ispirare,inspirieren
nutrition,beslenme,nutrición,nutrition,nutrizione,Ernährung
endeavor,çaba,empeño,effort,cercare di sforzarsi,Bemühen
abound in,bol miktarda,abundar en,abondent en,abbondano in,gibt es im Überfluss
innate,doğuştan,innato,inné,innato,angeboren
contemporary,modern,contemporáneo,contemporain,contemporaneo,zeitgenössisch
uneasiness,huzursuzluk,inquietud,inquiétude,disagio,Unbehagen
spare,kıyamamak,repuesto,de rechange,ricambio,Ersatzteil
solace,teselli,consuelo,réconfort,conforto,Trost
debate,çekişme,debate,débat,discussione,Debatte
moody,kaprisli,malhumorado,lunatique,lunatico,launisch
fragile,kırılgan,frágil,fragile,fragile,zerbrechlich
treaty,antlaşma,tratado,traité,trattato,Vertrag
decent,düzgün,decente,décent,decente,anständig
lottery,piyango,lotería,loterie,lotteria,Lotterie
influence,etkilemek,influencia,influence,influenza,beeinflussen
tyranny,tiranlık,tiranía,tyrannie,tirannia,Tyrannei
cognitive,bilişsel,cognitivo,cognitif,cognitivo,kognitiv
means,araç,medio,moyens,significa,bedeutet
stamina,dayanıklılık,aguante,endurance,resistenza,Ausdauer
expel,kovmak,expulsar,expulser,espellere,vertreiben
cohesive,bağlı,cohesivo,cohésif,coeso,zusammenhängend
merchandise,mal,mercancías,marchandises,merce,Waren
staple,zımba,grapa,agrafe,di base,Klammer
deter,caydırmak,desalentar,dissuader,scoraggiare,abschrecken
nocturnal,geceleyin,nocturno,nocturne,notturno,nachtaktiv
gratitude,minnettarlık,gratitud,gratitude,gratitudine,Dankbarkeit
invade,istila etmek,invadir,envahir,invadere,eindringen
invariably,değişmez bir şekilde,invariablemente,invariablement,invariabilmente,ausnahmslos
scholar,bilgin,erudito,savant,studioso,Gelehrte
contest,yarışma,concurso,concours,concorso,Wettbewerb
trace,iz,rastro,tracer,traccia,verfolgen
subsistence,geçim,subsistencia,subsistance,sussistenza,Lebensunterhalt
reprisal,misilleme,represalia,représailles,rappresaglia,Repressalie
conclusive,kesin,concluyente,concluant,conclusivo,schlüssig
untapped,dokunulmamış,no explotado,inexploité,inutilizzato,ungenutzt
take for granted,hafife almak,darlo por sentado,prendre pour acquis,dare per scontato,für selbstverständlich halten
ostensibly,görünüşte,aparentemente,en apparence,apparentemente,angeblich
depreciate,değer kaybetmek,depreciar,déprécier,deprezzare,abwerten
unsanitary,sağlıksız,antihigiénico,insalubre,antigienico,unhygienisch
insane,inanılmaz,loco,fou,pazzo,verrückt
predominantly,ağırlıklı olarak,mayormente,principalement,prevalentemente,überwiegend
descent,iniş,descenso,descente,discesa,Abstieg
sedentary,hareketsiz,sedentario,sédentaire,sedentario,sitzend
humor,mizah,humor,humour,umore,Humor
compare,karşılaştırmak,comparar,comparer,confrontare,vergleichen
underestimate,hafife almak,subestimar,sous-estimer,sottovalutare,unterschätzen
ridiculous,saçma,ridículo,ridicule,ridicolo,lächerlich
ritiual,ritüel,ritual,rituel,rituale,Ritual
bewilder,şaşkınlık,confundir,déconcerter,sconcertare,verwirren
explode,patlamak,explotar,exploser,esplodere,explodieren
resume,sürdürmek,reanudar,CV,riprendere,wieder aufnehmen
abondon,terk etmek,abandonar,abandonner,abbandono,verlassen
disaster,felaket,desastre,catastrophe,disastro,Katastrophe
commemorate,anmak,conmemorar,commémorer,commemorare,gedenken
muster,toplanma,reunión,rassemblement,radunare,aufbringen
cheat,aldatmak,engañar,tricher,imbroglione,schummeln
dwell,ikamet etmek,habitar,demeurer,dimorare,verweilen
perish,yok olmak,perecer,périr,perire,verenden
lure,cazibesi,señuelo,leurre,esca,locken
cease,durdurmak,cesar,cesser,cessare,aufhören
exert,çabalamak,ejercer,exercer,esercitare,ausüben
nonsense,anlamsız,disparates,absurdité,sciocchezze,Unsinn
furious,çok öfkeli,furioso,furieux,furioso,wütend
beneficial,yararlı,beneficioso,avantageux,benefico,vorteilhaft
evade,kaçmak,evadir,éluder,eludere,ausweichen
notify,bildirmek,notificar,notifier,notificare,benachrichtigen
prosper,refaha ermek,prosperar,prospérer,prosperare,gedeihen
frustrate,üzmek,frustrar,frustrer,frustrare,vereiteln
moral,ahlaki,moral,morale,morale,Moral
nominate,aday göstermek,nombrar,désigner,nominare,nominieren
barely,neredeyse,apenas,à peine,appena,kaum
illuminate,aydınlatmak,iluminar,éclairer,illuminare,beleuchten
resolution,çözünürlük,resolución,résolution,risoluzione,Auflösung
perish,yok olmak,perecer,périr,perire,verenden
battle,savaş,batalla,bataille,battaglia,Schlacht
inquire,soruşturmak,preguntar,renseigner,informarsi,erkundigen
reminiscent,hatırlatan,recordativo,rappelant,che ricorda,erinnert
conform,uyum sağlamak,ajustarse,se conformer,conform,entsprechen
slope,eğim,pendiente,pente,pendenza,Neigung
infer,çıkarım yapmak,inferir,déduire,dedurre,schließen
redundant,gereksiz,redundante,redondant,ridondante,überflüssig
decency,nezaket,decencia,décence,decenza,Anstand
segregate,ayırmak,segregar,séparer,segregare,trennen
naive,toy,ingenuo,naïf,ingenuo,naiv
negligible,önemsiz,despreciable,négligeable,trascurabile,vernachlässigbar
divine,ilahi,divino,divin,divine,göttlich
setback,aksilik,revés,revers,battuta d'arresto,Rückschlag
abrupt,ani,abrupto,brusque,brusco,abrupt
conspiracy,komplo,conspiración,conspiration,cospirazione,Verschwörung
revenge,intikam,venganza,vengeance,vendetta,Rache
quarrel,kavga,disputa,querelle,litigare,Streit
appropriate,uygun,adecuado,approprié,appropriato,geeignet
compassion,merhamet,compasión,compassion,compassione,Mitgefühl
literacy,okuryazarlık,alfabetismo,alphabétisation,alfabetizzazione,Alphabetisierung
involve,içermek,involucrar,impliquer,coinvolgere,einbeziehen
entail,gerektirmek,implicar,entraîner,comportare,mit sich bringen
outlay,harcama,desembolso,dépenses,spesa,Aufwand
initial,ilk,inicial,initial,iniziale,anfänglich
jeopardize,tehlikeye atmak,poner en peligro,compromettre,mettere a repentaglio,gefährden
eradicate,ortadan kaldırmak,erradicar,éradiquer,sradicare,ausrotten
obedient,itaatkar,obediente,obéissant,obbediente,gehorsam
impair,bozmak,perjudicar,porter atteinte,compromettere,beeinträchtigen
subject to ,tabi,sujeto a,sous réserve de,soggetto a,vorbehaltlich
contaminate,kirletmek,contaminar,contaminer,contaminare,verunreinigen
mutiny,isyan,motín,mutinerie,ammutinamento,Meuterei
forbid,yasaklamak,prohibir,interdire,proibire,verbieten
surplus,fazlalık,superávit,surplus,eccedenza,Überschuss
stiff,sert,rígido,rigide,rigido,steif
generous,cömert,generoso,généreux,generoso,großzügig
deficiency,eksiklik,deficiencia,carence,carenza,Mangel
exhort,nasihat etmek,exhortar,exhorter,esortare,ermahnen
intimidate,korkutmak,intimidar,intimider,intimidire,einschüchtern
fascinate,büyülemek,fascinar,fasciner,affascinare,faszinieren
definite,kesin,definido,précis,definitivo,definitiv
dwindle,azalmak,disminuirse,diminuer,diminuire,schwinden
intermittent,aralıklı,intermitente,intermittent,intermittente,intermittierend
ignore,görmezden gelmek,ignorar,ignorer,ignorare,ignorieren
considerable,hatırı sayılır,considerable,considérable,considerevole,erheblich
devastate,harap etmek,devastar,dévaster,devastare,verwüsten
prospect,olasılık,prospecto,perspective,prospettiva,Aussicht
infinite,sonsuz,infinito,infini,infinito,unendlich
epidemic,epidemi,epidemia,épidémie,epidemia,Epidemie
span,açıklık,durar,portée,campata,Spanne
phase,faz,fase,phase,fase,Phase
conceive,gebe kalmak,concebir,concevoir,concepire,empfangen
exclude,hariç tutmak,excluir,exclure,escludere,ausschließen
turmoil,kargaşa,confusión,tourmente,tumulto,Aufruhr
victory,zafer,victoria,victoire,vittoria,Sieg
welfare,refah,bienestar,bien-être,benessere,Wohlfahrt
comply with,uymak,Cumplir con,se conformer à,attenersi a,entsprechen
provisions,hükümler,provisiones,dispositions,disposizioni,Bestimmungen
zeal,şevk,celo,zèle,zelo,Eifer
widespread,yaygın,generalizado,répandu,esteso,weit verbreitet
compel,zorlamak,obligar,contraindre,costringere,zwingen
stem from ,kaynaklanmak,provienen de,proviennent de,derivano da,stammen aus
wreck,enkaz,naufragio,détruire,relitto,Wrack
appeal,çekici,apelar,appel,appello,appellieren
initiate,başlatmak,iniciado,initié,iniziato,einleiten
reluctant,isteksiz,reacio,réticent,riluttante,widerwillig
yield,teslim olmak,producir,rendement,prodotto,Ertrag
divert,yönlendirmek,desviar,dérouter,deviare,umleiten
incline,eğim,inclinación,inclinaison,pendenza,Neigung
pace,adımlamak,paso,rythme,ritmo,Tempo
will,irade,voluntad,volonté,Volere,Wille
convenient,uygun,conveniente,pratique,conveniente,komfortabel
paradox,çelişki,paradoja,paradoxe,paradosso,Paradox
grave,mezar,tumba,tombe,grave,Grab
likely,büyük ihtimalle,probable,probable,probabile,wahrscheinlich
flatter,pohpohlamak,halagar,flatter,più lusinghiero,schmeicheln
coherent,tutarlı,coherente,cohérent,coerente,kohärent
dim,loş,oscuro,faible,debole,dunkel
legislate,yasama yapmak,legislar,légiférer,legiferare,Gesetze erlassen
fever,ateş,fiebre,fièvre,febbre,Fieber
conserve,korumak,conservar,conserver,conservare,sparen
dispense,dağıtmak,dispensar,dispenser,dispensare,abgeben
irreversible,geri alınamaz,irreversible,irréversible,irreversibile,irreversibel
finite,sonlu,finito,fini,finito,endlich
display,görüntülemek,mostrar,afficher,display,Anzeige
era,dönem,era,ère,era,Epoche
investigate,araştırmak,investigar,enquêter,indagare,untersuchen
firm,firma,firme,ferme,ditta,Firma
embark,gemiye binmek,embarcarse,embarquer,imbarcarsi,einschiffen
addicted,bağımlı,adicto,accro,dipendente,süchtig
harsh,sert,duro,rude,duro,harsch
genocide,soykırım,genocidio,génocide,genocidio,Völkermord
eliminate,elemek,eliminar,éliminer,eliminare,beseitigen
allure,cazibe,seducir,séduire,fascino,locken
alienate,yabancılaştırmak,enajenar,aliéner,alienare,entfremden
cuautious,dikkatli,cuidadoso,prudent,curioso,vorsichtig
disrupt,bozmak,interrumpir,perturber,interrompere,stören
interrogate,sorgulamak,interrogar,interroger,interrogare,abfragen
acknowledge,kabullenmek,reconocer,reconnaître,riconoscere,anerkennen
cancel,iptal etmek,Cancelar,Annuler,cancellare,stornieren
donate,bağış yapmak,donar,faire un don,donare,spenden
interim,geçici,provisional,intérimaire,provvisorio,Zwischenzeit
apt,uygun,apto,apte,adatto,geeignet
rigorous,titiz,riguroso,rigoureux,rigoroso,streng
cenfidential,gizli,confidencial,confidentiel,confidenziale,vertraulich
rash,döküntü,erupción,éruption cutanée,eruzione cutanea,Ausschlag
aptitude,yetenek,aptitud,aptitude,attitudine,Eignung
roughly,kabaca,apenas,à peu près,all'incirca,rund
compatible,uyumlu,compatible,compatible,compatibile,kompatibel
perceive,algılamak,percibir,percevoir,percepire,wahrnehmen
bear,dayanmak,oso,ours,orso,tragen
sovereign,egemen,soberano,souverain,sovrano,souverän
compile,derlemek,compilar,compiler,compilare,kompilieren
pecullar,tuhaf,peculiar,particulier,peculiare,eigenartig
overcome,üstesinden gelmek,superar,surmonter,superare,überwinden
prudent,ihtiyatlı,prudente,prudent,prudente,umsichtig
evaluate,değerlendirmek,evaluar,évaluer,valutare,auswerten
bribery,rüşvet,soborno,corruption,corruzione,Bestechung
relish,zevk almak,saborear,goût,assaporare,genießen
persuade,ikna etmek,persuadir,persuader,persuadere,überreden
evolve,evrim geçirmek,evolucionar,évoluer,evolve,evolve
assemble,bir araya getirmek,armar,assembler,assemblare,montieren
reversal,tersine çevirme,inversión,renversement,inversione,Umkehrung
irritate,tahriş etmek,irritar,irriter,irritare,reizen
fake,sahte,falso,faux,impostore,gefälscht
acute,akut,agudo,aigu,acuto,akut
merge,birleştirmek,unir,fusionner,unire,verschmelzen
humble,mütevazı,humilde,humble,umile,bescheiden
slippery,kaygan,resbaladizo,glissant,scivoloso,rutschig
miracle,mucize,milagro,miracle,miracolo,Wunder
dilemma,ikilem,dilema,dilemme,dilemma,Dilemma
breed,yavrulamak,criar,race,razza,züchten
advance,ilerlemek,avance,avance,anticipo,Vorauszahlung
adhere to,bağlı olmak,adherirse a,adhérer à,aderire a,sich an etw. halten
allege,iddia etmek,alegar,alléguer,sostenere,behaupten
elude,kaçmak,eludir,éluder,eludere,entgehen
console,konsol,consola,console,consolle,Konsole
inferior,aşağılık,inferior,inférieur,inferiore,minderwertig
census,nüfus sayımı,censo,recensement,censimento,Volkszählung
embezzle,zimmete para geçirmek,malversar,détourner,appropriarsi indebitamente,unterschlagen
constitute,oluşturmak,constituir,constituer,costituire,bilden
groundless,temelsiz,infundado,sans fondement,infondato,grundlos
betray,ihanet etmek,traicionar,trahir,tradire,verraten
elict,çıkarmak,provocar,élire,elicitare,entlocken
courageous,cesur,valiente,courageux,coraggioso,mutig
intrude,müdahale etmek,entrometerse,s'immiscer,intromettersi,eindringen
boom,patlama,auge,boom,boom,Boom
comprise,içermek,comprender,comprendre,comprendere,umfassen
depict,tasvir etmek,representar,représenter,raffigurare,abbilden
irrelevant,alakasız,irrelevante,non pertinent,irrilevante,irrelevant
erect,dik,erguido,ériger,eretto,aufrecht
compromise,anlaşmak,compromiso,compromis,compromesso,Kompromiss
impose,empoze etmek,imponer,imposer,imporre,auferlegen
latent,gizli,latente,latent,latente,latent
intervene,müdahale etmek,intervenir,intervenir,intervenire,eingreifen
illiterate,okuma yazma bilmeyen,analfabeto,analphabète,analfabeta,Analphabet
density,yoğunluk,densidad,densité,densità,Dichte
endow,bağışlamak,dotar,doter,dotare,schenken
interpret,yorumlamak,interpretar,interpréter,interpretare,interpretieren
moderate,ılıman,moderado,modéré,moderare,mäßig
cope with,başa çıkmak,enfrentarse con,faire face à,affrontare,bewältigen
expectancy,beklenti,expectativa,espérance,aspettativa,Lebenserwartung
interfere in,karışmak,entremeterse,interférer dans,interferire in,einmischen in
overriding,geçersiz kılma,primordial,primordial,sovrascrivendo,Überschreiben
concurrent,eşzamanlı,concurrente,concurrent,concorrente,gleichzeitig
bloom,çiçek açmak,floración,floraison,fioritura,blühen
goods,mal,bienes,marchandises,merce,Waren
noteworthy,dikkat çekici,notable,remarquable,degno di nota,bemerkenswert
clarify,açıklamak,aclarar,clarifier,chiarire,klären
admonish,uyarmak,amonestar,avertir,ammonire,ermahnen
feature,özellik,característica,fonctionnalité,caratteristica,Besonderheit
obviate,önlemek,evitar,obvier,ovviare,vermeiden
despair,çaresizlik,desesperación,désespoir,disperazione,verzweifeln
amnesty,af,amnistía,amnistie,amnistia,Amnestie
abhor,nefret etmek,aborrecer,abhorrer,aborrire,verabscheuen
challenge,meydan okumak,desafío,défi,sfida,Herausforderung
demolish,yıkmak,demoler,démolir,demolire,zerstören
reinforce,güçlendirmek,reforzarse,renforcer,rafforzare,verstärken
abolish,ortadan kaldırmak,abolir,abolir,abolire,abschaffen
sewage,kanalizasyon,aguas residuales,eaux usées,liquami,Abwasser
defy,meydan okumak,desafiar,défier,sfidare,trotzen
launch,öğle yemeği,lanzamiento,lancement,lancio,Start
absolute,mutlak,absoluto,absolu,assoluto,Absolute
eventual,sonunda,eventual,éventuel,eventuale,eventuell
object,nesne,objeto,objet,oggetto,Objekt
imply,ima etmek,implicar,impliquer,implicare,implizieren
bankrupt,iflas etmiş,arruinado,en faillite,bancarotta,bankrott
effect,etki,efecto,effet,effetto,Wirkung
maintain,sürdürmek,mantener,maintenir,mantenere,pflegen
favorable,uygun,favorable,favorable,favorevole,günstig
avert,önlemek,evitar,éviter,evitare,verhindern
cultivate,yetiştirmek,cultivar,cultiver,coltivare,pflegen
relief,rahatlama,alivio,relief,sollievo,Erleichterung
provisional,geçici,provisional,provisoire,provvisorio,vorläufig
subtle,hemen göze çarpmayan,sutil,subtil,impercettibile,subtil
stagnant,durgun,estancado,stagnant,stagnante,stagnierend
familiar,aşina,familiar,familier,familiare,vertraut
urgent,acil,urgente,urgent,urgente,dringend
succumb,yenik düşmek,sucumbir,succomber,soccombere,erliegen
implement,uygulamak,implementar,mettre en œuvre,attrezzo,implementieren
explore,keşfetmek,explorar,explorer,esplorare,erkunden
unbiased,tarafsız,imparcial,impartial,imparziale,unvoreingenommen
summit,zirve,cumbre,sommet,vertice,Gipfel
measure,ölçüm,medida,mesure,misura,messen
solitary,yalnız,solitario,solitaire,solitario,einsam
terrain,arazi,terreno,terrain,terreno,Terrain
interval,aralık,intervalo,intervalle,intervallo,Intervall
decadence,çöküş,decadencia,décadence,decadenza,Dekadenz
sceptical,şüpheci,escéptico,sceptique,scettico,skeptisch
tenet,ilke,principio,principe,principio,Grundsatz
staggering,şaşırtıcı,asombroso,échelonnement,barcollante,Staffelung
deserve,hak etmek,merecer,mériter,meritare,verdienen
unify,birleştirmek,unificar,unifier,unificare,vereinheitlichen
accumulate,biriktirmek,acumular,accumuler,accumulare,akkumulieren
cherish,beslemek,apreciar,chérir,amare,schätzen
sculpture,heykel,escultura,sculpture,scultura,Skulptur
confine,sınırlamak,confinar,confiner,confinare,beschränken
intense,yoğun,intenso,intense,intenso,intensiv
awkward,garip,extraño,maladroit,imbarazzante,unangenehm
revival,canlanma,renacimiento,réveil,rinascita,Wiederbelebung
concrete,beton,concreto,béton,calcestruzzo,Beton
glorious,muhteşem,glorioso,glorieux,glorioso,herrlich
assume,farz etmek,asumir,supposer,assumere,annehmen
eject,çıkarmak,expulsar,éjecter,espellere,auswerfen
resort,tatil yeri,complejo,station balnéaire,ricorrere,Erholungsort
interfere with,karışmak,estorbar,interférer avec,interferire con,stören
approve,onaylamak,aprobar,approuver,approvare,genehmigen
elaborate,detaylandırmak,elaborar,élaborer,elaborare,durchdacht
overlook,gözden kaçırmak,pasar por alto,négliger,trascurare,übersehen
posterity,gelecek nesiller,posteridad,postérité,posterità,Nachwelt
scrutinize,incelemek,escudriñar,scruter,esaminare attentamente,prüfen
elevate,yükseltmek,elevar,élever,elevare,erheben
induce,indüklemek,inducir,induire,indurre,induzieren
presume,varsaymak,presumir,présumer,presume,vermuten
property,mülk,propiedad,propriété,proprietà,Eigentum
persist,ısrar etmek,persistir,persister,perseverare,bestehen
combustible,yanıcı,combustible,combustible,combustibile,brennbar
exhilarate,heyecanlandırmak,regocijar,exalter,esaltare,berauschen
pertain,ilgili olmak,pertenecer,se rapporter,riguardano,betreffen
regardless of,gözetilmeksizin,independientemente de,indépendamment de,indipendentemente da,unabhängig von
corporate,kurumsal,corporativo,entreprise,aziendale,Unternehmen
ruin,mahvetmek,ruina,ruine,rovina,Ruine
strata,katmanlar,estratos,couches,strati,Schichten
reliability,güvenilirlik,fiabilidad,fiabilité,affidabilità,Zuverlässigkeit
efficiency,yeterlik,eficiencia,efficacité,efficienza,Effizienz
appease,yatıştırmak,apaciguar,apaiser,placare,beschwichtigen
innovate,yenilik yapmak,innovar,innover,innovare,Innovationen
retention,tutulma,retención,rétention,ritenzione,Zurückbehaltung
discrepancy,tutarsızlık,discrepancia,divergence,discrepanza,Diskrepanz
charity,hayır kurumu,caridad,charité,beneficenza,Wohltätigkeit
impotence,iktidarsızlık,impotencia,impuissance,impotenza,Impotenz
retaliate,misilleme yapmak,tomar represalias,user de représailles,vendicarsi,Vergeltung üben
expire,sona ermek,expirar,expirer,scadere,erlöschen
allow,izin vermek,permitir,permettre,permettere,erlauben
anguish,acı,angustia,angoisse,angoscia,Pein
famine,kıtlık,hambruna,famine,carestia,Hungersnot
mighty,güçlü,poderoso,puissant,potente,mächtig
indulge,şımartmak,complacer,se faire plaisir,indulgere,frönen
zenith,zirve,cenit,zénith,zenit,Zenit
deteriorate,bozulmak,deteriorarse,détériorer,deteriorare,verschlechtern
rear,arka,trasero,arrière,posteriore,hinteren
inflict,vermek,infligir,infliger,infliggere,zufügen
unifiction,birleştirme,unificación,unifiction,unificazione,Vereinigung
durable,dayanıklı,durable,durable,durevole,dauerhaft
repel,püskürtmek,repeler,repousser,respingere,abstoßen
fraction,kesir,fracción,fraction,frazione,Fraktion
vigorous,güçlü,vigoroso,vigoureux,vigoroso,kräftig
controverisal,tartışmalı,controvertido,controversé,controverso,umstritten
obsess,takıntılı olmak,obsesionar,obséder,ossessionare,besessen
swindle,dolandırıcılık,estafa,escroquerie,truffa,Schwindel
violate,ihlal etmek,violar,violer,violare,verletzen
dedicate,adamak,dedicar,consacrer,dedicare,widmen
insurmountable,aşılmaz,insuperable,insurmontable,insormontabile,unüberwindbar
sweat,ter,sudor,transpirer,sudore,Schweiß
queue,sıra,cola,file d'attente,coda,Warteschlange
recreation,rekreasyon,recreación,récréation,ricreazione,Erholung
demonstrate,göstermek,demostrar,démontrer,dimostrare,zeigen
erupt,patlamak,estallar,éclater,eruttare,ausbrechen
justice,adalet,justicia,justice,giustizia,Gerechtigkeit
mutual,karşılıklı,mutual,mutuel,reciproco,gegenseitig
delineate,çizmek,delinear,tracer,delineare,abgrenzen
endure,dayanmak,perdurar,endurer,sopportare,aushalten
inborn,doğuştan,innato,inné,innato,angeboren
scope,kapsam,alcance,portée,ambito,Umfang
commend,övmek,elogiar,saluer,elogiare,empfehlen
appoint,atamak,nombrar,nommer,nominare,ernennen
idle,boşta,inactivo,inactif,oziare,Leerlauf
merely,sadece,meramente,simplement,semplicemente,lediglich
extravagant,abartılı,extravagante,extravagant,stravagante,extravagant
apprreciate,takdir etmek,apreciar,apprécier,apprezzare,schätzen
humiliate,aşağılamak,humillar,humilier,umiliare,demütigen
lethal,ölümcül,letal,mortel,letale,tödlich
essential,gerekli,básico,essentiel,essenziale,essentiell
available,mevcut,disponible,disponible,disponibile,verfügbar
triumph,zafer,triunfo,triomphe,trionfo,Triumph
embody,somutlaştırmak,encarnar,incarner,incarnare,verkörpern
resent,kızgın,resentirse de,ressentir,risentirsi,ärgern
subsequent,sonraki,posterior,ultérieur,successivo,nachfolgende
rule,kural,regla,règle,regola,Regel
conquer,fethetmek,conquistar,conquérir,conquistare,erobern
impress,etkilemek,impresionar,impressionner,impressionare,beeindrucken
rank,rütbe,rango,rang,rango,Rang
sohisticated,gelişmiş,sofisticado,sophistiqué,sofisticato,anspruchsvoll
consent,onay,consentir,consentement,consenso,Zustimmung
furnish,döşemek,proporcionar,fournir,fornire,liefern
expedition,sefer,expedición,expédition,spedizione,Expedition
corrupt,yozlaşmış,corrupto,corrompu,corrotto,korrupt
feasible,uygulanabilir,factible,possible,fattibile,machbar
edible,yenilebilir,comestible,comestible,commestibile,essbar
recession,durgunluk,recesión,récession,recessione,Rezession
steep,dik,empinado,raide,ripido,steil
promising,umut verici,prometedor,prometteur,promettente,vielversprechend
qualify,hak kazanmak,calificar,qualifier,qualificarsi,qualifizieren
sporadic,aralıklı,esporádico,sporadique,sporadico,sporadisch
loyal,sadık,leal,loyal,leale,treu
sensible,mantıklı,sensitivo,sensible,sensato,vernünftig
tactful,incelikli,diplomático,plein de tact,pieno di tatto,taktvoll
fairly,adil bir şekilde,equitativamente,assez,abbastanza,ziemlich
condemn,kınamak,condenar,condamner,condannare,verurteilen
wealth,varlık,poder,richesse,ricchezza,Reichtum
sustain,güç vermek,sostener,soutenir,sostenere,aufrechterhalten
grief,yas,dolor,chagrin,dolore,Kummer
detriment,zarar,detrimento,détriment,danno,Nachteil
torture,işkence,tortura,torture,tortura,Folter
take into account,hesaba katmak,tener en cuenta,prendre en considération,prendere in considerazione,berücksichtigen
malign,kötü huylu,maligno,calomnier,maligno,verleumden
empirical,deneysel,empírico,empirique,empirico,empirisch
versatile,çok yönlü,versátil,polyvalent,versatile,vielseitig
prerequisite,ön koşul,requisito previo,condition préalable,prerequisito,Voraussetzung
obey,itaat etmek,cumplir,obéir,obbedire,gehorchen
evindence,yaratılış,evidencia,preuves,prova,Beweise
utility,fayda,utilidad,utilitaire,utilità,Dienstprogramm
unprecedented,eşi benzeri görülmemiş,sin precedentes,sans précédent,senza precedenti,beispiellos
shrink,çekmek,encoger,rétrécir,Restringersi,schrumpfen
essence,özü,esencia,essence,essenza,Wesen
outnumber,sayıca üstün olmak,superar numéricamente,dépasser en nombre,essere più numerosi,in der Überzahl
vibrate,titreşmek,vibrar,vibrer,vibrare,vibrieren
bias,ön yargı,inclinación,biais,pregiudizio,Voreingenommenheit
drawback,dezavantaj,inconveniente,inconvénient,inconveniente,Nachteil
bias,ön yargı,inclinación,biais,pregiudizio,Voreingenommenheit
retard,gerizekalı,retardar,retard,ritardare,verzögern
vulnerable,hassas,vulnerable,vulnérable,vulnerabile,verletzlich
alter,değiştirmek,alterar,modifier,alterare,ändern
commit,işlemek,comprometerse,commettre,commettere,begehen
heritage,miras,herencia,patrimoine,eredità,Erbe
terminate,sonlandırmak,terminar,mettre fin,terminare,beenden
adamant,kararlı,firme,catégorique,irremovibile,unnachgiebig
cure,tedavi,curar,guérir,cura,Heilung
hardly,zorlu,difícilmente,à peine,difficilmente,kaum
warrant,garanti,orden,garantir,mandato,Gewährleistung
abstain from,kaçınmak,abstenerse de,s'abstenir de,astenersi da,sich enthalten von
medieval,ortaçağ,medieval,médiéval,medievale,mittelalterlich
spin,döndürmek,girar,rotation,rotazione,drehen
quota,kota,cuota,quota,quota,Quote
reassure,güvence vermek,tranquilizar,rassurer,rassicurare,beruhigen
liability,yükümlülük,responsabilidad,responsabilité,responsabilità,Haftung
ensure,emin olmak,asegurar,assurer,garantire,sicherstellen
gradual,kademeli,gradual,graduel,graduale,allmählich
persevere,ısrar etmek,perseverar,persévérer,perseverare,durchhalten
decline,reddetmek,rechazar,déclin,declino,Abfall
abate,azaltmak,disminuir,diminuer,diminuire,nachlassen
far-reaching,geniş kapsamlı,de largo alcance,de grande portée,di vasta portata,weitreichend
precipitation,yağış,precipitación,précipitation,precipitazione,Fällung
consensus,fikir birliği,consenso,consensus,consenso,Konsens
bargain,pazarlık,negociar,marchander,affare,Schnäppchen
inept,beceriksiz,inepto,inepte,inetto,ungeschickt
obsolete,modası geçmiş,obsoleto,obsolète,obsoleto,veraltet
confront,yüzleşmek,confrontar,affronter,confrontarsi,konfrontieren
sole,ayak tabanı,único,seul,suola,"Sohle, einzig, alleinig"
indict,iddianame,procesar,accuser,incriminare,anklagen
notably,özellikle,notablemente,notamment,in particolare,vor allem
determine,belirlemek,determinar,déterminer,determinare,bestimmen
soar,uçmak,remontarse,monter,librarsi,steigen
tiny,minik,diminuto,minuscule,minuscolo,winzig
emphasize,vurgu,enfatizar,souligner,sottolineare,betonen
layer,katman,capa,couche,strato,Schicht
suspend,askıya almak,suspender,suspendre,sospendere,aussetzen
thrilling,heyecan verici,emocionante,palpitant,emozionante,spannend
facilitate,kolaylaştırmak,facilitar,faciliter,facilitare,erleichtern
perspire,terlemek,transpirar,transpirer,sudare,schwitzen
specles,benek,gafas,specles,macchie,Spekulationen
vain,boşuna,vano,vain,vanitoso,vergeblich
extinct,yok olmuş,extinguido,éteint,estinto,ausgestorben
miscellaneous,çeşitli,misceláneas,divers,varie,Verschiedenes
stick to,bağlı kalmak,Apegarse a,s'en tenir à,attenersi a,bleiben bei
burden,yük,carga,fardeau,fardello,Last
descend,alçalmak,bajar,descendre,scendere,absteigen
portray,tasvir etmek,retratar,représenter,ritrarre,porträtieren
stun,sersemletmek,aturdir,étourdir,stordire,betäuben
assert,iddia etmek,afirmar,affirmer,affermare,behaupten
deal with,uğraşmak,tratar con,traiter avec,affrontare,bewältigen
pervade,nüfuz etmek,impregnar,imprégner,pervadere,durchdringen
strive,çabalamak,esforzarse,aspirer,sforzarsi,streben
startle,irkilmek,asustar,surprendre,spaventare,erschrecken
flourish,güzelleşmek,florecer,fleurir,fiorire,blühen
mediocre,vasat,mediocre,médiocre,mediocre,mittelmäßig
drastic,sert,drástico,radical,drastic,drastisch
kidnap,kaçırma,secuestrar,kidnapper,rapire,entführen
reciprocal,karşılıklı,recíproca,réciproque,reciproco,wechselseitig
foster,bakmak,alentar,favoriser,allevare,fördern
emancipated,özgürleşmiş,emancipado,émancipé,emancipato,emanzipiert
knack,hüner,maña,truc,abilità,Talent
rehearsal,tekrarlamak,ensayo,répétition,prova,Probe
plummet,düşüş,plomada,plomb,precipitare,Lot
escalate,tırmanmak,escalar,intensifier,intensificare,eskalieren
irrigate,sulamak,irrigar,irriguer,irrigare,bewässern
persecute,zulmetmek,perseguir,persécuter,perseguitare,verfolgen
denounce,kınamak,denunciar,dénoncer,denunciare,anprangern
bleak,kasvetli,desolado,sombre,spoglio,kahl
subversive,yıkıcı,subversivo,subversif,sovversivo,subversiv
notion,kavram,noción,notion,nozione,Vorstellung
collapse,yıkılmak,colapsar,effondrement,crollo,Zusammenbruch
sack,çuval,bolsa,sac,sacco,Sack
substitution,ikame,sustitución,substitution,sostituzione,Auswechslung
pretend,numara yapmak,pretender,prétendre,fare finta,vorgeben
relatively,nispeten,relativamente,relativement,relativamente,relativ
precisely,açık olarak,precisamente,précisément,precisamente,genau
necessity,zorunluluk,necesidad,nécessité,necessità,Notwendigkeit
expenditure,harcama,gasto,dépense,spesa,Ausgaben
convey,iletmek,transmitir,transmettre,trasportare,vermitteln
weaken,zayıflatmak,debilitar,affaiblir,indebolire,schwächen
immense,engin,inmenso,immense,immenso,immens
diversity,çeşitlilik,diversidad,diversité,diversità,Diversität
tendency,eğilim,tendencia,tendance,tendenza,Tendenz
postpone,ertelemek,posponer,reporter,posticipare,verschieben
sustainable,sürdürülebilir,sostenible,durable,sostenibile,nachhaltig
prevent,önlemek,prevenir,prévenir,impedire,verhindern
entitle,hak sahibi olmak,dar derecho,donner droit,dare diritto,berechtigen
access,erişim,acceso,accéder,accesso,Zugang
considerably,önemli ölçüde,importantemente,considérablement,considerevolmente,wesentlich
complementary,tamamlayıcı,complementario,complémentaire,complementare,komplementär
inconsistent,tutarsız,inconsistente,incompatible,incoerente,inkonsistent
adversely,olumsuz bir şekilde,negativamente,défavorablement,negativamente,nachteilig
insight,iç yüzü,conocimiento,aperçu,intuizione,Einblick
coincidentally,tesadüfen,casualmente,par coïncidence,per coincidenza,zufällig
recklessly,pervasızca,aturdidamente,imprudemment,incautamente,rücksichtslos
component,bileşen,componente,composant,componente,Komponente
thoroughly,iyice,minuciosamente,soigneusement,completamente,gründlich
attainable,ulaşılabilir,alcanzable,réalisable,raggiungibile,erreichbar
invesment,yatırım,inversión,investissement,investimento,Investition
domestic,yerel,doméstico,domestique,domestico,inländisch
extract,çıkarmak,extracto,extrait,estrarre,Extrakt
relugate,geri çekilmek,repeler,reluquer,rilegare,zurückweisen
respectively,sırasıyla,respectivamente,respectivement,rispettivamente,jeweils
excessive,aşırı,excesivo,excessif,eccessivo,übermäßig
abusively,taciz edici bir şekilde,abusivamente,abusivement,abusivamente,missbräuchlich
task,görev,tarea,tâche,compito,Aufgabe
owe,sahip olmak,deber,devoir,essere debitore,verdanken
incorporate,firma kurmak,incorporar,intégrer,incorporare,einbeziehen
undergo,geçmek,someterse,subir,subire,unterziehen
supplementary,ek,suplementario,supplémentaire,supplementare,ergänzend
contribute to,katkıda bulunmak,contribuir a,contribuer à,contribuire a,beitragen zu
reinstate,yeniden göreve getirmek,reintegrar,rétablir,ripristinare,wiedereinsetzen